frac_common_cov,frac_identity,.metric,.estimator,.estimate,.config,fold_id
0,0.2,accuracy,binary,0.7839219330855018,Preprocessor1_Model12,Fold_1
0,0.2,roc_auc,binary,0.9002280680498044,Preprocessor1_Model12,Fold_1
0.1,0.2,accuracy,binary,0.7836895910780669,Preprocessor1_Model13,Fold_1
0.1,0.2,roc_auc,binary,0.9009768914799954,Preprocessor1_Model13,Fold_1
0.2,0.2,accuracy,binary,0.783457249070632,Preprocessor1_Model14,Fold_1
0.2,0.2,roc_auc,binary,0.9022010942514973,Preprocessor1_Model14,Fold_1
0.30000000000000004,0.2,accuracy,binary,0.7836895910780669,Preprocessor1_Model15,Fold_1
0.30000000000000004,0.2,roc_auc,binary,0.9039360744262069,Preprocessor1_Model15,Fold_1
0.4,0.2,accuracy,binary,0.7862453531598513,Preprocessor1_Model16,Fold_1
0.4,0.2,roc_auc,binary,0.906255241407655,Preprocessor1_Model16,Fold_1
0.5,0.2,accuracy,binary,0.791589219330855,Preprocessor1_Model17,Fold_1
0.5,0.2,roc_auc,binary,0.909188053985608,Preprocessor1_Model17,Fold_1
0.6000000000000001,0.2,accuracy,binary,0.7976301115241635,Preprocessor1_Model18,Fold_1
0.6000000000000001,0.2,roc_auc,binary,0.9126632408945019,Preprocessor1_Model18,Fold_1
0.7000000000000001,0.2,accuracy,binary,0.8052973977695167,Preprocessor1_Model19,Fold_1
0.7000000000000001,0.2,roc_auc,binary,0.9168181181059899,Preprocessor1_Model19,Fold_1
0.8,0.2,accuracy,binary,0.8173791821561338,Preprocessor1_Model20,Fold_1
0.8,0.2,roc_auc,binary,0.9217947530094291,Preprocessor1_Model20,Fold_1
0.9,0.2,accuracy,binary,0.8399163568773235,Preprocessor1_Model21,Fold_1
0.9,0.2,roc_auc,binary,0.9279739717338161,Preprocessor1_Model21,Fold_1
1,0.2,accuracy,binary,0.8554832713754646,Preprocessor1_Model22,Fold_1
1,0.2,roc_auc,binary,0.9362803543561832,Preprocessor1_Model22,Fold_1
0,0.4,accuracy,binary,0.7781133828996283,Preprocessor1_Model23,Fold_1
0,0.4,roc_auc,binary,0.899368299016219,Preprocessor1_Model23,Fold_1
0.1,0.4,accuracy,binary,0.7788104089219331,Preprocessor1_Model24,Fold_1
0.1,0.4,roc_auc,binary,0.9008825758385658,Preprocessor1_Model24,Fold_1
0.2,0.4,accuracy,binary,0.7806691449814126,Preprocessor1_Model25,Fold_1
0.2,0.4,roc_auc,binary,0.9026548546422539,Preprocessor1_Model25,Fold_1
0.30000000000000004,0.4,accuracy,binary,0.7827602230483272,Preprocessor1_Model26,Fold_1
0.30000000000000004,0.4,roc_auc,binary,0.9048464460583426,Preprocessor1_Model26,Fold_1
0.4,0.4,accuracy,binary,0.7881040892193308,Preprocessor1_Model27,Fold_1
0.4,0.4,roc_auc,binary,0.907278065363517,Preprocessor1_Model27,Fold_1
0.5,0.4,accuracy,binary,0.7927509293680297,Preprocessor1_Model28,Fold_1
0.5,0.4,roc_auc,binary,0.9100951509280336,Preprocessor1_Model28,Fold_1
0.6000000000000001,0.4,accuracy,binary,0.7985594795539034,Preprocessor1_Model29,Fold_1
0.6000000000000001,0.4,roc_auc,binary,0.9135249478593188,Preprocessor1_Model29,Fold_1
0.7000000000000001,0.4,accuracy,binary,0.8080855018587361,Preprocessor1_Model30,Fold_1
0.7000000000000001,0.4,roc_auc,binary,0.9171556515266458,Preprocessor1_Model30,Fold_1
0.8,0.4,accuracy,binary,0.8197026022304833,Preprocessor1_Model31,Fold_1
0.8,0.4,roc_auc,binary,0.9213373698266575,Preprocessor1_Model31,Fold_1
0.9,0.4,accuracy,binary,0.8380576208178439,Preprocessor1_Model32,Fold_1
0.9,0.4,roc_auc,binary,0.9260064309538677,Preprocessor1_Model32,Fold_1
1,0.4,accuracy,binary,0.8538568773234201,Preprocessor1_Model33,Fold_1
1,0.4,roc_auc,binary,0.9330047099407545,Preprocessor1_Model33,Fold_1
0,0.6000000000000001,accuracy,binary,0.7767193308550185,Preprocessor1_Model34,Fold_1
0,0.6000000000000001,roc_auc,binary,0.8982438638087786,Preprocessor1_Model34,Fold_1
0.1,0.6000000000000001,accuracy,binary,0.7795074349442379,Preprocessor1_Model35,Fold_1
0.1,0.6000000000000001,roc_auc,binary,0.9000747924479842,Preprocessor1_Model35,Fold_1
0.2,0.6000000000000001,accuracy,binary,0.7827602230483272,Preprocessor1_Model36,Fold_1
0.2,0.6000000000000001,roc_auc,binary,0.9020764714135892,Preprocessor1_Model36,Fold_1
0.30000000000000004,0.6000000000000001,accuracy,binary,0.7860130111524164,Preprocessor1_Model37,Fold_1
0.30000000000000004,0.6000000000000001,roc_auc,binary,0.9042410528493664,Preprocessor1_Model37,Fold_1
0.4,0.6000000000000001,accuracy,binary,0.7899628252788105,Preprocessor1_Model38,Fold_1
0.4,0.6000000000000001,roc_auc,binary,0.9066087272917523,Preprocessor1_Model38,Fold_1
0.5,0.6000000000000001,accuracy,binary,0.7950743494423792,Preprocessor1_Model39,Fold_1
0.5,0.6000000000000001,roc_auc,binary,0.9091274135130571,Preprocessor1_Model39,Fold_1
0.6000000000000001,0.6000000000000001,accuracy,binary,0.8025092936802974,Preprocessor1_Model40,Fold_1
0.6000000000000001,0.6000000000000001,roc_auc,binary,0.9119675051189426,Preprocessor1_Model40,Fold_1
0.7000000000000001,0.6000000000000001,accuracy,binary,0.8115706319702602,Preprocessor1_Model41,Fold_1
0.7000000000000001,0.6000000000000001,roc_auc,binary,0.9151475330876193,Preprocessor1_Model41,Fold_1
0.8,0.6000000000000001,accuracy,binary,0.8227230483271375,Preprocessor1_Model42,Fold_1
0.8,0.6000000000000001,roc_auc,binary,0.9188732218736197,Preprocessor1_Model42,Fold_1
0.9,0.6000000000000001,accuracy,binary,0.8348048327137546,Preprocessor1_Model43,Fold_1
0.9,0.6000000000000001,roc_auc,binary,0.9230025110799738,Preprocessor1_Model43,Fold_1
1,0.6000000000000001,accuracy,binary,0.8471189591078067,Preprocessor1_Model44,Fold_1
1,0.6000000000000001,roc_auc,binary,0.9290348619381958,Preprocessor1_Model44,Fold_1
0,0.8,accuracy,binary,0.7839219330855018,Preprocessor1_Model45,Fold_1
0,0.8,roc_auc,binary,0.8961982749426758,Preprocessor1_Model45,Fold_1
0.1,0.8,accuracy,binary,0.7862453531598513,Preprocessor1_Model46,Fold_1
0.1,0.8,roc_auc,binary,0.8981091596773088,Preprocessor1_Model46,Fold_1
0.2,0.8,accuracy,binary,0.7906598513011153,Preprocessor1_Model47,Fold_1
0.2,0.8,roc_auc,binary,0.9004702836371395,Preprocessor1_Model47,Fold_1
0.30000000000000004,0.8,accuracy,binary,0.7943773234200744,Preprocessor1_Model48,Fold_1
0.30000000000000004,0.8,roc_auc,binary,0.9025728430012803,Preprocessor1_Model48,Fold_1
0.4,0.8,accuracy,binary,0.7994888475836431,Preprocessor1_Model49,Fold_1
0.4,0.8,roc_auc,binary,0.9047794705998903,Preprocessor1_Model49,Fold_1
0.5,0.8,accuracy,binary,0.8055297397769516,Preprocessor1_Model50,Fold_1
0.5,0.8,roc_auc,binary,0.9071451773303664,Preprocessor1_Model50,Fold_1
0.6000000000000001,0.8,accuracy,binary,0.8122676579925651,Preprocessor1_Model51,Fold_1
0.6000000000000001,0.8,roc_auc,binary,0.909614476010486,Preprocessor1_Model51,Fold_1
0.7000000000000001,0.8,accuracy,binary,0.8203996282527881,Preprocessor1_Model52,Fold_1
0.7000000000000001,0.8,roc_auc,binary,0.9122340425531915,Preprocessor1_Model52,Fold_1
0.8,0.8,accuracy,binary,0.8259758364312267,Preprocessor1_Model53,Fold_1
0.8,0.8,roc_auc,binary,0.9152189195573981,Preprocessor1_Model53,Fold_1
0.9,0.8,accuracy,binary,0.8350371747211895,Preprocessor1_Model54,Fold_1
0.9,0.8,roc_auc,binary,0.918858688197281,Preprocessor1_Model54,Fold_1
1,0.8,accuracy,binary,0.8420074349442379,Preprocessor1_Model55,Fold_1
1,0.8,roc_auc,binary,0.9233176667377918,Preprocessor1_Model55,Fold_1
0,1,accuracy,binary,0.7818308550185874,Preprocessor1_Model56,Fold_1
0,1,roc_auc,binary,0.8621307840029263,Preprocessor1_Model56,Fold_1
0.1,1,accuracy,binary,0.7867100371747212,Preprocessor1_Model57,Fold_1
0.1,1,roc_auc,binary,0.8669057775254526,Preprocessor1_Model57,Fold_1
0.2,1,accuracy,binary,0.7904275092936803,Preprocessor1_Model58,Fold_1
0.2,1,roc_auc,binary,0.8717560240504786,Preprocessor1_Model58,Fold_1
0.30000000000000004,1,accuracy,binary,0.7950743494423792,Preprocessor1_Model59,Fold_1
0.30000000000000004,1,roc_auc,binary,0.8765594755913553,Preprocessor1_Model59,Fold_1
0.4,1,accuracy,binary,0.8004182156133829,Preprocessor1_Model60,Fold_1
0.4,1,roc_auc,binary,0.8813967433548741,Preprocessor1_Model60,Fold_1
0.5,1,accuracy,binary,0.8048327137546468,Preprocessor1_Model61,Fold_1
0.5,1,roc_auc,binary,0.8862348446168384,Preprocessor1_Model61,Fold_1
0.6000000000000001,1,accuracy,binary,0.8108736059479554,Preprocessor1_Model62,Fold_1
0.6000000000000001,1,roc_auc,binary,0.8910617531853929,Preprocessor1_Model62,Fold_1
0.7000000000000001,1,accuracy,binary,0.816682156133829,Preprocessor1_Model63,Fold_1
0.7000000000000001,1,roc_auc,binary,0.8960146390904102,Preprocessor1_Model63,Fold_1
0.8,1,accuracy,binary,0.8203996282527881,Preprocessor1_Model64,Fold_1
0.8,1,roc_auc,binary,0.9010453975644699,Preprocessor1_Model64,Fold_1
0.9,1,accuracy,binary,0.8266728624535316,Preprocessor1_Model65,Fold_1
0.9,1,roc_auc,binary,0.9060299564104127,Preprocessor1_Model65,Fold_1
1,1,accuracy,binary,0.8317843866171004,Preprocessor1_Model66,Fold_1
1,1,roc_auc,binary,0.9107141495841496,Preprocessor1_Model66,Fold_1
0,0.2,accuracy,binary,0.7881040892193308,Preprocessor1_Model12,Fold_2
0,0.2,roc_auc,binary,0.9018003021820132,Preprocessor1_Model12,Fold_2
0.1,0.2,accuracy,binary,0.7881040892193308,Preprocessor1_Model13,Fold_2
0.1,0.2,roc_auc,binary,0.9024276218285014,Preprocessor1_Model13,Fold_2
0.2,0.2,accuracy,binary,0.7897304832713755,Preprocessor1_Model14,Fold_2
0.2,0.2,roc_auc,binary,0.9035316665803762,Preprocessor1_Model14,Fold_2
0.30000000000000004,0.2,accuracy,binary,0.7925185873605948,Preprocessor1_Model15,Fold_2
0.30000000000000004,0.2,roc_auc,binary,0.9050334747787241,Preprocessor1_Model15,Fold_2
0.4,0.2,accuracy,binary,0.7976301115241635,Preprocessor1_Model16,Fold_2
0.4,0.2,roc_auc,binary,0.9071290320979144,Preprocessor1_Model16,Fold_2
0.5,0.2,accuracy,binary,0.8046003717472119,Preprocessor1_Model17,Fold_2
0.5,0.2,roc_auc,binary,0.9097054517351588,Preprocessor1_Model17,Fold_2
0.6000000000000001,0.2,accuracy,binary,0.8101765799256505,Preprocessor1_Model18,Fold_2
0.6000000000000001,0.2,roc_auc,binary,0.9131128600882148,Preprocessor1_Model18,Fold_2
0.7000000000000001,0.2,accuracy,binary,0.8185408921933085,Preprocessor1_Model19,Fold_2
0.7000000000000001,0.2,roc_auc,binary,0.9174680447603857,Preprocessor1_Model19,Fold_2
0.8,0.2,accuracy,binary,0.8299256505576208,Preprocessor1_Model20,Fold_2
0.8,0.2,roc_auc,binary,0.9231057653595203,Preprocessor1_Model20,Fold_2
0.9,0.2,accuracy,binary,0.8471189591078067,Preprocessor1_Model21,Fold_2
0.9,0.2,roc_auc,binary,0.9302168064926343,Preprocessor1_Model21,Fold_2
1,0.2,accuracy,binary,0.8643122676579925,Preprocessor1_Model22,Fold_2
1,0.2,roc_auc,binary,0.9401572282660989,Preprocessor1_Model22,Fold_2
0,0.4,accuracy,binary,0.7839219330855018,Preprocessor1_Model23,Fold_2
0,0.4,roc_auc,binary,0.9013868173274032,Preprocessor1_Model23,Fold_2
0.1,0.4,accuracy,binary,0.7841542750929368,Preprocessor1_Model24,Fold_2
0.1,0.4,roc_auc,binary,0.9027561165143109,Preprocessor1_Model24,Fold_2
0.2,0.4,accuracy,binary,0.7846189591078067,Preprocessor1_Model25,Fold_2
0.2,0.4,roc_auc,binary,0.9043802680015443,Preprocessor1_Model25,Fold_2
0.30000000000000004,0.4,accuracy,binary,0.7885687732342007,Preprocessor1_Model26,Fold_2
0.30000000000000004,0.4,roc_auc,binary,0.9062798396463653,Preprocessor1_Model26,Fold_2
0.4,0.4,accuracy,binary,0.7946096654275093,Preprocessor1_Model27,Fold_2
0.4,0.4,roc_auc,binary,0.9085817847746318,Preprocessor1_Model27,Fold_2
0.5,0.4,accuracy,binary,0.8013475836431226,Preprocessor1_Model28,Fold_2
0.5,0.4,roc_auc,binary,0.9112213264565766,Preprocessor1_Model28,Fold_2
0.6000000000000001,0.4,accuracy,binary,0.8108736059479554,Preprocessor1_Model29,Fold_2
0.6000000000000001,0.4,roc_auc,binary,0.9144828685115798,Preprocessor1_Model29,Fold_2
0.7000000000000001,0.4,accuracy,binary,0.8197026022304833,Preprocessor1_Model30,Fold_2
0.7000000000000001,0.4,roc_auc,binary,0.9184995109814627,Preprocessor1_Model30,Fold_2
0.8,0.4,accuracy,binary,0.8296933085501859,Preprocessor1_Model31,Fold_2
0.8,0.4,roc_auc,binary,0.9231601401545805,Preprocessor1_Model31,Fold_2
0.9,0.4,accuracy,binary,0.8427044609665427,Preprocessor1_Model32,Fold_2
0.9,0.4,roc_auc,binary,0.9287997520509346,Preprocessor1_Model32,Fold_2
1,0.4,accuracy,binary,0.8619888475836431,Preprocessor1_Model33,Fold_2
1,0.4,roc_auc,binary,0.9366741680242634,Preprocessor1_Model33,Fold_2
0,0.6000000000000001,accuracy,binary,0.7839219330855018,Preprocessor1_Model34,Fold_2
0,0.6000000000000001,roc_auc,binary,0.9008135178577465,Preprocessor1_Model34,Fold_2
0.1,0.6000000000000001,accuracy,binary,0.7860130111524164,Preprocessor1_Model35,Fold_2
0.1,0.6000000000000001,roc_auc,binary,0.9024319954533215,Preprocessor1_Model35,Fold_2
0.2,0.6000000000000001,accuracy,binary,0.7883364312267658,Preprocessor1_Model36,Fold_2
0.2,0.6000000000000001,roc_auc,binary,0.9042107604882479,Preprocessor1_Model36,Fold_2
0.30000000000000004,0.6000000000000001,accuracy,binary,0.79182156133829,Preprocessor1_Model37,Fold_2
0.30000000000000004,0.6000000000000001,roc_auc,binary,0.906214589892293,Preprocessor1_Model37,Fold_2
0.4,0.6000000000000001,accuracy,binary,0.7992565055762082,Preprocessor1_Model38,Fold_2
0.4,0.6000000000000001,roc_auc,binary,0.9084888747987246,Preprocessor1_Model38,Fold_2
0.5,0.6000000000000001,accuracy,binary,0.8078531598513011,Preprocessor1_Model39,Fold_2
0.5,0.6000000000000001,roc_auc,binary,0.9110660036724264,Preprocessor1_Model39,Fold_2
0.6000000000000001,0.6000000000000001,accuracy,binary,0.8136617100371747,Preprocessor1_Model40,Fold_2
0.6000000000000001,0.6000000000000001,roc_auc,binary,0.9139710362015565,Preprocessor1_Model40,Fold_2
0.7000000000000001,0.6000000000000001,accuracy,binary,0.8231877323420075,Preprocessor1_Model41,Fold_2
0.7000000000000001,0.6000000000000001,roc_auc,binary,0.9173302164755156,Preprocessor1_Model41,Fold_2
0.8,0.6000000000000001,accuracy,binary,0.828996282527881,Preprocessor1_Model42,Fold_2
0.8,0.6000000000000001,roc_auc,binary,0.9211489819738098,Preprocessor1_Model42,Fold_2
0.9,0.6000000000000001,accuracy,binary,0.841542750929368,Preprocessor1_Model43,Fold_2
0.9,0.6000000000000001,roc_auc,binary,0.9256559432478443,Preprocessor1_Model43,Fold_2
1,0.6000000000000001,accuracy,binary,0.854089219330855,Preprocessor1_Model44,Fold_2
1,0.6000000000000001,roc_auc,binary,0.9317738791423001,Preprocessor1_Model44,Fold_2
0,0.8,accuracy,binary,0.7881040892193308,Preprocessor1_Model45,Fold_2
0,0.8,roc_auc,binary,0.8980985625700623,Preprocessor1_Model45,Fold_2
0.1,0.8,accuracy,binary,0.7922862453531598,Preprocessor1_Model46,Fold_2
0.1,0.8,roc_auc,binary,0.8999744583031799,Preprocessor1_Model46,Fold_2
0.2,0.8,accuracy,binary,0.7948420074349443,Preprocessor1_Model47,Fold_2
0.2,0.8,roc_auc,binary,0.9019766435372412,Preprocessor1_Model47,Fold_2
0.30000000000000004,0.8,accuracy,binary,0.7990241635687733,Preprocessor1_Model48,Fold_2
0.30000000000000004,0.8,roc_auc,binary,0.9040703531849077,Preprocessor1_Model48,Fold_2
0.4,0.8,accuracy,binary,0.8055297397769516,Preprocessor1_Model49,Fold_2
0.4,0.8,roc_auc,binary,0.9062808924458067,Preprocessor1_Model49,Fold_2
0.5,0.8,accuracy,binary,0.8106412639405205,Preprocessor1_Model50,Fold_2
0.5,0.8,roc_auc,binary,0.908524469897766,Preprocessor1_Model50,Fold_2
0.6000000000000001,0.8,accuracy,binary,0.8162174721189591,Preprocessor1_Model51,Fold_2
0.6000000000000001,0.8,roc_auc,binary,0.9109485043544112,Preprocessor1_Model51,Fold_2
0.7000000000000001,0.8,accuracy,binary,0.8241171003717472,Preprocessor1_Model52,Fold_2
0.7000000000000001,0.8,roc_auc,binary,0.9136200776221128,Preprocessor1_Model52,Fold_2
0.8,0.8,accuracy,binary,0.8327137546468402,Preprocessor1_Model53,Fold_2
0.8,0.8,roc_auc,binary,0.9166915940931465,Preprocessor1_Model53,Fold_2
0.9,0.8,accuracy,binary,0.8359665427509294,Preprocessor1_Model54,Fold_2
0.9,0.8,roc_auc,binary,0.9203921336614919,Preprocessor1_Model54,Fold_2
1,0.8,accuracy,binary,0.8492100371747212,Preprocessor1_Model55,Fold_2
1,0.8,roc_auc,binary,0.9248949261643317,Preprocessor1_Model55,Fold_2
0,1,accuracy,binary,0.7841542750929368,Preprocessor1_Model56,Fold_2
0,1,roc_auc,binary,0.8634242474441499,Preprocessor1_Model56,Fold_2
0.1,1,accuracy,binary,0.7871747211895911,Preprocessor1_Model57,Fold_2
0.1,1,roc_auc,binary,0.8677635128739114,Preprocessor1_Model57,Fold_2
0.2,1,accuracy,binary,0.79182156133829,Preprocessor1_Model58,Fold_2
0.2,1,roc_auc,binary,0.8721723542218857,Preprocessor1_Model58,Fold_2
0.30000000000000004,1,accuracy,binary,0.7964684014869888,Preprocessor1_Model59,Fold_2
0.30000000000000004,1,roc_auc,binary,0.8766776703719316,Preprocessor1_Model59,Fold_2
0.4,1,accuracy,binary,0.8013475836431226,Preprocessor1_Model60,Fold_2
0.4,1,roc_auc,binary,0.8812844260470492,Preprocessor1_Model60,Fold_2
0.5,1,accuracy,binary,0.8076208178438662,Preprocessor1_Model61,Fold_2
0.5,1,roc_auc,binary,0.8859174674743417,Preprocessor1_Model61,Fold_2
0.6000000000000001,1,accuracy,binary,0.8104089219330854,Preprocessor1_Model62,Fold_2
0.6000000000000001,1,roc_auc,binary,0.890579044335302,Preprocessor1_Model62,Fold_2
0.7000000000000001,1,accuracy,binary,0.8141263940520446,Preprocessor1_Model63,Fold_2
0.7000000000000001,1,roc_auc,binary,0.8953481322907441,Preprocessor1_Model63,Fold_2
0.8,1,accuracy,binary,0.8190055762081785,Preprocessor1_Model64,Fold_2
0.8,1,roc_auc,binary,0.9005391939593979,Preprocessor1_Model64,Fold_2
0.9,1,accuracy,binary,0.8217936802973977,Preprocessor1_Model65,Fold_2
0.9,1,roc_auc,binary,0.9053957535840254,Preprocessor1_Model65,Fold_2
1,1,accuracy,binary,0.8294609665427509,Preprocessor1_Model66,Fold_2
1,1,roc_auc,binary,0.9099637765703038,Preprocessor1_Model66,Fold_2
0,0.2,accuracy,binary,0.7973977695167286,Preprocessor1_Model12,Fold_3
0,0.2,roc_auc,binary,0.9079433659160318,Preprocessor1_Model12,Fold_3
0.1,0.2,accuracy,binary,0.7969330855018587,Preprocessor1_Model13,Fold_3
0.1,0.2,roc_auc,binary,0.9082632070145084,Preprocessor1_Model13,Fold_3
0.2,0.2,accuracy,binary,0.7980947955390335,Preprocessor1_Model14,Fold_3
0.2,0.2,roc_auc,binary,0.9090854349850815,Preprocessor1_Model14,Fold_3
0.30000000000000004,0.2,accuracy,binary,0.7994888475836431,Preprocessor1_Model15,Fold_3
0.30000000000000004,0.2,roc_auc,binary,0.9103843960300273,Preprocessor1_Model15,Fold_3
0.4,0.2,accuracy,binary,0.8018122676579925,Preprocessor1_Model16,Fold_3
0.4,0.2,roc_auc,binary,0.9121625842685687,Preprocessor1_Model16,Fold_3
0.5,0.2,accuracy,binary,0.8052973977695167,Preprocessor1_Model17,Fold_3
0.5,0.2,roc_auc,binary,0.9146120468808902,Preprocessor1_Model17,Fold_3
0.6000000000000001,0.2,accuracy,binary,0.8120353159851301,Preprocessor1_Model18,Fold_3
0.6000000000000001,0.2,roc_auc,binary,0.9176707871891585,Preprocessor1_Model18,Fold_3
0.7000000000000001,0.2,accuracy,binary,0.8194702602230484,Preprocessor1_Model19,Fold_3
0.7000000000000001,0.2,roc_auc,binary,0.9216537768209861,Preprocessor1_Model19,Fold_3
0.8,0.2,accuracy,binary,0.8315520446096655,Preprocessor1_Model20,Fold_3
0.8,0.2,roc_auc,binary,0.9268367941019069,Preprocessor1_Model20,Fold_3
0.9,0.2,accuracy,binary,0.8440985130111525,Preprocessor1_Model21,Fold_3
0.9,0.2,roc_auc,binary,0.9334666380674329,Preprocessor1_Model21,Fold_3
1,0.2,accuracy,binary,0.8559479553903345,Preprocessor1_Model22,Fold_3
1,0.2,roc_auc,binary,0.940090068583528,Preprocessor1_Model22,Fold_3
0,0.4,accuracy,binary,0.7929832713754646,Preprocessor1_Model23,Fold_3
0,0.4,roc_auc,binary,0.9066395354002218,Preprocessor1_Model23,Fold_3
0.1,0.4,accuracy,binary,0.7936802973977695,Preprocessor1_Model24,Fold_3
0.1,0.4,roc_auc,binary,0.9076943102964605,Preprocessor1_Model24,Fold_3
0.2,0.4,accuracy,binary,0.7948420074349443,Preprocessor1_Model25,Fold_3
0.2,0.4,roc_auc,binary,0.9091321106448296,Preprocessor1_Model25,Fold_3
0.30000000000000004,0.4,accuracy,binary,0.7976301115241635,Preprocessor1_Model26,Fold_3
0.30000000000000004,0.4,roc_auc,binary,0.9107601766596523,Preprocessor1_Model26,Fold_3
0.4,0.4,accuracy,binary,0.8011152416356877,Preprocessor1_Model27,Fold_3
0.4,0.4,roc_auc,binary,0.9128440726544056,Preprocessor1_Model27,Fold_3
0.5,0.4,accuracy,binary,0.8066914498141264,Preprocessor1_Model28,Fold_3
0.5,0.4,roc_auc,binary,0.9153500686357856,Preprocessor1_Model28,Fold_3
0.6000000000000001,0.4,accuracy,binary,0.8113382899628253,Preprocessor1_Model29,Fold_3
0.6000000000000001,0.4,roc_auc,binary,0.9183411114222821,Preprocessor1_Model29,Fold_3
0.7000000000000001,0.4,accuracy,binary,0.8190055762081785,Preprocessor1_Model30,Fold_3
0.7000000000000001,0.4,roc_auc,binary,0.9219271797948788,Preprocessor1_Model30,Fold_3
0.8,0.4,accuracy,binary,0.8299256505576208,Preprocessor1_Model31,Fold_3
0.8,0.4,roc_auc,binary,0.9263619613088473,Preprocessor1_Model31,Fold_3
0.9,0.4,accuracy,binary,0.8413104089219331,Preprocessor1_Model32,Fold_3
0.9,0.4,roc_auc,binary,0.9318625631041856,Preprocessor1_Model32,Fold_3
1,0.4,accuracy,binary,0.8524628252788105,Preprocessor1_Model33,Fold_3
1,0.4,roc_auc,binary,0.93754394355069115,Preprocessor1_Model33,Fold_3
0,0.6000000000000001,accuracy,binary,0.7925185873605948,Preprocessor1_Model34,Fold_3
0,0.6000000000000001,roc_auc,binary,0.9060852470947668,Preprocessor1_Model34,Fold_3
0.1,0.6000000000000001,accuracy,binary,0.7946096654275093,Preprocessor1_Model35,Fold_3
0.1,0.6000000000000001,roc_auc,binary,0.9075555897606191,Preprocessor1_Model35,Fold_3
0.2,0.6000000000000001,accuracy,binary,0.796003717472119,Preprocessor1_Model36,Fold_3
0.2,0.6000000000000001,roc_auc,binary,0.9091489756414816,Preprocessor1_Model36,Fold_3
0.30000000000000004,0.6000000000000001,accuracy,binary,0.7997211895910781,Preprocessor1_Model37,Fold_3
0.30000000000000004,0.6000000000000001,roc_auc,binary,0.9109946238666307,Preprocessor1_Model37,Fold_3
0.4,0.6000000000000001,accuracy,binary,0.8059944237918215,Preprocessor1_Model38,Fold_3
0.4,0.6000000000000001,roc_auc,binary,0.913034100785695,Preprocessor1_Model38,Fold_3
0.5,0.6000000000000001,accuracy,binary,0.8092472118959108,Preprocessor1_Model39,Fold_3
0.5,0.6000000000000001,roc_auc,binary,0.9153203767402717,Preprocessor1_Model39,Fold_3
0.6000000000000001,0.6000000000000001,accuracy,binary,0.8159851301115242,Preprocessor1_Model40,Fold_3
0.6000000000000001,0.6000000000000001,roc_auc,binary,0.918013787966136,Preprocessor1_Model40,Fold_3
0.7000000000000001,0.6000000000000001,accuracy,binary,0.8224907063197026,Preprocessor1_Model41,Fold_3
0.7000000000000001,0.6000000000000001,roc_auc,binary,0.9210243086360896,Preprocessor1_Model41,Fold_3
0.8,0.6000000000000001,accuracy,binary,0.8282992565055762,Preprocessor1_Model42,Fold_3
0.8,0.6000000000000001,roc_auc,binary,0.9246412376025112,Preprocessor1_Model42,Fold_3
0.9,0.6000000000000001,accuracy,binary,0.8392193308550185,Preprocessor1_Model43,Fold_3
0.9,0.6000000000000001,roc_auc,binary,0.9291640659056994,Preprocessor1_Model43,Fold_3
1,0.6000000000000001,accuracy,binary,0.8494423791821561,Preprocessor1_Model44,Fold_3
1,0.6000000000000001,roc_auc,binary,0.9339557253425279,Preprocessor1_Model44,Fold_3
0,0.8,accuracy,binary,0.7964684014869888,Preprocessor1_Model45,Fold_3
0,0.8,roc_auc,binary,0.9047645515823048,Preprocessor1_Model45,Fold_3
0.1,0.8,accuracy,binary,0.7987918215613383,Preprocessor1_Model46,Fold_3
0.1,0.8,roc_auc,binary,0.9064914322253981,Preprocessor1_Model46,Fold_3
0.2,0.8,accuracy,binary,0.8022769516728625,Preprocessor1_Model47,Fold_3
0.2,0.8,roc_auc,binary,0.9082509765629643,Preprocessor1_Model47,Fold_3
0.30000000000000004,0.8,accuracy,binary,0.8048327137546468,Preprocessor1_Model48,Fold_3
0.30000000000000004,0.8,roc_auc,binary,0.9101291102521403,Preprocessor1_Model48,Fold_3
0.4,0.8,accuracy,binary,0.8087825278810409,Preprocessor1_Model49,Fold_3
0.4,0.8,roc_auc,binary,0.9120917439130308,Preprocessor1_Model49,Fold_3
0.5,0.8,accuracy,binary,0.8131970260223048,Preprocessor1_Model50,Fold_3
0.5,0.8,roc_auc,binary,0.9140838515443648,Preprocessor1_Model50,Fold_3
0.6000000000000001,0.8,accuracy,binary,0.8169144981412639,Preprocessor1_Model51,Fold_3
0.6000000000000001,0.8,roc_auc,binary,0.9162185751617147,Preprocessor1_Model51,Fold_3
0.7000000000000001,0.8,accuracy,binary,0.8222583643122676,Preprocessor1_Model52,Fold_3
0.7000000000000001,0.8,roc_auc,binary,0.9184925870587402,Preprocessor1_Model52,Fold_3
0.8,0.8,accuracy,binary,0.8269052044609665,Preprocessor1_Model53,Fold_3
0.8,0.8,roc_auc,binary,0.9211811360884523,Preprocessor1_Model53,Fold_3
0.9,0.8,accuracy,binary,0.8380576208178439,Preprocessor1_Model54,Fold_3
0.9,0.8,roc_auc,binary,0.9246616684517435,Preprocessor1_Model54,Fold_3
1,0.8,accuracy,binary,0.845724907063197,Preprocessor1_Model55,Fold_3
1,0.8,roc_auc,binary,0.9285964536475069,Preprocessor1_Model55,Fold_3
0,1,accuracy,binary,0.7885687732342007,Preprocessor1_Model56,Fold_3
0,1,roc_auc,binary,0.8715088722162677,Preprocessor1_Model56,Fold_3
0.1,1,accuracy,binary,0.7925185873605948,Preprocessor1_Model57,Fold_3
0.1,1,roc_auc,binary,0.8758108848398237,Preprocessor1_Model57,Fold_3
0.2,1,accuracy,binary,0.7955390334572491,Preprocessor1_Model58,Fold_3
0.2,1,roc_auc,binary,0.8801652971299273,Preprocessor1_Model58,Fold_3
0.30000000000000004,1,accuracy,binary,0.7985594795539034,Preprocessor1_Model59,Fold_3
0.30000000000000004,1,roc_auc,binary,0.8846292723591759,Preprocessor1_Model59,Fold_3
0.4,1,accuracy,binary,0.8059944237918215,Preprocessor1_Model60,Fold_3
0.4,1,roc_auc,binary,0.8890558532809337,Preprocessor1_Model60,Fold_3
0.5,1,accuracy,binary,0.8120353159851301,Preprocessor1_Model61,Fold_3
0.5,1,roc_auc,binary,0.8936055734190782,Preprocessor1_Model61,Fold_3
0.6000000000000001,1,accuracy,binary,0.8171468401486989,Preprocessor1_Model62,Fold_3
0.6000000000000001,1,roc_auc,binary,0.8980912230558533,Preprocessor1_Model62,Fold_3
0.7000000000000001,1,accuracy,binary,0.8217936802973977,Preprocessor1_Model63,Fold_3
0.7000000000000001,1,roc_auc,binary,0.9026389154041243,Preprocessor1_Model63,Fold_3
0.8,1,accuracy,binary,0.8282992565055762,Preprocessor1_Model64,Fold_3
0.8,1,roc_auc,binary,0.9073437311190669,Preprocessor1_Model64,Fold_3
0.9,1,accuracy,binary,0.8320167286245354,Preprocessor1_Model65,Fold_3
0.9,1,roc_auc,binary,0.9119756150402519,Preprocessor1_Model65,Fold_3
1,1,accuracy,binary,0.8348048327137546,Preprocessor1_Model66,Fold_3
1,1,roc_auc,binary,0.9160381066238991,Preprocessor1_Model66,Fold_3
0,0.2,accuracy,binary,0.7908921933085502,Preprocessor1_Model12,Fold_4
0,0.2,roc_auc,binary,0.9020300224867499,Preprocessor1_Model12,Fold_4
0.1,0.2,accuracy,binary,0.7881040892193308,Preprocessor1_Model13,Fold_4
0.1,0.2,roc_auc,binary,0.9024939871760016,Preprocessor1_Model13,Fold_4
0.2,0.2,accuracy,binary,0.7878717472118959,Preprocessor1_Model14,Fold_4
0.2,0.2,roc_auc,binary,0.9034663093486666,Preprocessor1_Model14,Fold_4
0.30000000000000004,0.2,accuracy,binary,0.7894981412639405,Preprocessor1_Model15,Fold_4
0.30000000000000004,0.2,roc_auc,binary,0.904995101195174,Preprocessor1_Model15,Fold_4
0.4,0.2,accuracy,binary,0.7932156133828996,Preprocessor1_Model16,Fold_4
0.4,0.2,roc_auc,binary,0.9070957202226935,Preprocessor1_Model16,Fold_4
0.5,0.2,accuracy,binary,0.7987918215613383,Preprocessor1_Model17,Fold_4
0.5,0.2,roc_auc,binary,0.9098060802770495,Preprocessor1_Model17,Fold_4
0.6000000000000001,0.2,accuracy,binary,0.8062267657992565,Preprocessor1_Model18,Fold_4
0.6000000000000001,0.2,roc_auc,binary,0.913184971815375,Preprocessor1_Model18,Fold_4
0.7000000000000001,0.2,accuracy,binary,0.8169144981412639,Preprocessor1_Model19,Fold_4
0.7000000000000001,0.2,roc_auc,binary,0.9175417046305043,Preprocessor1_Model19,Fold_4
0.8,0.2,accuracy,binary,0.8276022304832714,Preprocessor1_Model20,Fold_4
0.8,0.2,roc_auc,binary,0.9231049616026327,Preprocessor1_Model20,Fold_4
0.9,0.2,accuracy,binary,0.8420074349442379,Preprocessor1_Model21,Fold_4
0.9,0.2,roc_auc,binary,0.9299023382524548,Preprocessor1_Model21,Fold_4
1,0.2,accuracy,binary,0.858271375464684,Preprocessor1_Model22,Fold_4
1,0.2,roc_auc,binary,0.9374164785572006,Preprocessor1_Model22,Fold_4
0,0.4,accuracy,binary,0.7811338289962825,Preprocessor1_Model23,Fold_4
0,0.4,roc_auc,binary,0.9014471570974599,Preprocessor1_Model23,Fold_4
0.1,0.4,accuracy,binary,0.7818308550185874,Preprocessor1_Model24,Fold_4
0.1,0.4,roc_auc,binary,0.9027399472517621,Preprocessor1_Model24,Fold_4
0.2,0.4,accuracy,binary,0.783457249070632,Preprocessor1_Model25,Fold_4
0.2,0.4,roc_auc,binary,0.9043913591945756,Preprocessor1_Model25,Fold_4
0.30000000000000004,0.4,accuracy,binary,0.7848513011152416,Preprocessor1_Model26,Fold_4
0.30000000000000004,0.4,roc_auc,binary,0.9063513610470748,Preprocessor1_Model26,Fold_4
0.4,0.4,accuracy,binary,0.7913568773234201,Preprocessor1_Model27,Fold_4
0.4,0.4,roc_auc,binary,0.9087212163721585,Preprocessor1_Model27,Fold_4
0.5,0.4,accuracy,binary,0.7950743494423792,Preprocessor1_Model28,Fold_4
0.5,0.4,roc_auc,binary,0.9115090838455102,Preprocessor1_Model28,Fold_4
0.6000000000000001,0.4,accuracy,binary,0.8050650557620818,Preprocessor1_Model29,Fold_4
0.6000000000000001,0.4,roc_auc,binary,0.9146571328541951,Preprocessor1_Model29,Fold_4
0.7000000000000001,0.4,accuracy,binary,0.8141263940520446,Preprocessor1_Model30,Fold_4
0.7000000000000001,0.4,roc_auc,binary,0.9184804322562362,Preprocessor1_Model30,Fold_4
0.8,0.4,accuracy,binary,0.825046468401487,Preprocessor1_Model31,Fold_4
0.8,0.4,roc_auc,binary,0.9230898440565127,Preprocessor1_Model31,Fold_4
0.9,0.4,accuracy,binary,0.841542750929368,Preprocessor1_Model32,Fold_4
0.9,0.4,roc_auc,binary,0.9284047413423853,Preprocessor1_Model32,Fold_4
1,0.4,accuracy,binary,0.8552509293680297,Preprocessor1_Model33,Fold_4
1,0.4,roc_auc,binary,0.9347116376069836,Preprocessor1_Model33,Fold_4
0,0.6000000000000001,accuracy,binary,0.7822955390334573,Preprocessor1_Model34,Fold_4
0,0.6000000000000001,roc_auc,binary,0.9008788093516661,Preprocessor1_Model34,Fold_4
0.1,0.6000000000000001,accuracy,binary,0.7836895910780669,Preprocessor1_Model35,Fold_4
0.1,0.6000000000000001,roc_auc,binary,0.9024731105646931,Preprocessor1_Model35,Fold_4
0.2,0.6000000000000001,accuracy,binary,0.7857806691449815,Preprocessor1_Model36,Fold_4
0.2,0.6000000000000001,roc_auc,binary,0.9042589006952392,Preprocessor1_Model36,Fold_4
0.30000000000000004,0.6000000000000001,accuracy,binary,0.7885687732342007,Preprocessor1_Model37,Fold_4
0.30000000000000004,0.6000000000000001,roc_auc,binary,0.9062100239889062,Preprocessor1_Model37,Fold_4
0.4,0.6000000000000001,accuracy,binary,0.7939126394052045,Preprocessor1_Model38,Fold_4
0.4,0.6000000000000001,roc_auc,binary,0.9084150260729679,Preprocessor1_Model38,Fold_4
0.5,0.6000000000000001,accuracy,binary,0.7997211895910781,Preprocessor1_Model39,Fold_4
0.5,0.6000000000000001,roc_auc,binary,0.9109005426239213,Preprocessor1_Model39,Fold_4
0.6000000000000001,0.6000000000000001,accuracy,binary,0.8106412639405205,Preprocessor1_Model40,Fold_4
0.6000000000000001,0.6000000000000001,roc_auc,binary,0.9137368822292765,Preprocessor1_Model40,Fold_4
0.7000000000000001,0.6000000000000001,accuracy,binary,0.8178438661710037,Preprocessor1_Model41,Fold_4
0.7000000000000001,0.6000000000000001,roc_auc,binary,0.9170682614797966,Preprocessor1_Model41,Fold_4
0.8,0.6000000000000001,accuracy,binary,0.8271375464684015,Preprocessor1_Model42,Fold_4
0.8,0.6000000000000001,roc_auc,binary,0.9208182955497766,Preprocessor1_Model42,Fold_4
0.9,0.6000000000000001,accuracy,binary,0.8387546468401487,Preprocessor1_Model43,Fold_4
0.9,0.6000000000000001,roc_auc,binary,0.925297574024315,Preprocessor1_Model43,Fold_4
1,0.6000000000000001,accuracy,binary,0.8489776951672863,Preprocessor1_Model44,Fold_4
1,0.6000000000000001,roc_auc,binary,0.9306878840487837,Preprocessor1_Model44,Fold_4
0,0.8,accuracy,binary,0.7867100371747212,Preprocessor1_Model45,Fold_4
0,0.8,roc_auc,binary,0.898247876404702,Preprocessor1_Model45,Fold_4
0.1,0.8,accuracy,binary,0.7911245353159851,Preprocessor1_Model46,Fold_4
0.1,0.8,roc_auc,binary,0.9000300671195052,Preprocessor1_Model46,Fold_4
0.2,0.8,accuracy,binary,0.7946096654275093,Preprocessor1_Model47,Fold_4
0.2,0.8,roc_auc,binary,0.9018849756634034,Preprocessor1_Model47,Fold_4
0.30000000000000004,0.8,accuracy,binary,0.7997211895910781,Preprocessor1_Model48,Fold_4
0.30000000000000004,0.8,roc_auc,binary,0.9039034604311191,Preprocessor1_Model48,Fold_4
0.4,0.8,accuracy,binary,0.804135687732342,Preprocessor1_Model49,Fold_4
0.4,0.8,roc_auc,binary,0.906088591454937,Preprocessor1_Model49,Fold_4
0.5,0.8,accuracy,binary,0.8097118959107806,Preprocessor1_Model50,Fold_4
0.5,0.8,roc_auc,binary,0.9084494934578138,Preprocessor1_Model50,Fold_4
0.6000000000000001,0.8,accuracy,binary,0.8164498141263941,Preprocessor1_Model51,Fold_4
0.6000000000000001,0.8,roc_auc,binary,0.9110490790032921,Preprocessor1_Model51,Fold_4
0.7000000000000001,0.8,accuracy,binary,0.8224907063197026,Preprocessor1_Model52,Fold_4
0.7000000000000001,0.8,roc_auc,binary,0.913749756874158,Preprocessor1_Model52,Fold_4
0.8,0.8,accuracy,binary,0.829228624535316,Preprocessor1_Model53,Fold_4
0.8,0.8,roc_auc,binary,0.9167227356879921,Preprocessor1_Model53,Fold_4
0.9,0.8,accuracy,binary,0.8380576208178439,Preprocessor1_Model54,Fold_4
0.9,0.8,roc_auc,binary,0.9202100607274325,Preprocessor1_Model54,Fold_4
1,0.8,accuracy,binary,0.8431691449814126,Preprocessor1_Model55,Fold_4
1,0.8,roc_auc,binary,0.9244967595227289,Preprocessor1_Model55,Fold_4
0,1,accuracy,binary,0.7822955390334573,Preprocessor1_Model56,Fold_4
0,1,roc_auc,binary,0.8637034128865101,Preprocessor1_Model56,Fold_4
0.1,1,accuracy,binary,0.7857806691449815,Preprocessor1_Model57,Fold_4
0.1,1,roc_auc,binary,0.8679572146543051,Preprocessor1_Model57,Fold_4
0.2,1,accuracy,binary,0.7888011152416357,Preprocessor1_Model58,Fold_4
0.2,1,roc_auc,binary,0.8722339576089159,Preprocessor1_Model58,Fold_4
0.30000000000000004,1,accuracy,binary,0.7932156133828996,Preprocessor1_Model59,Fold_4
0.30000000000000004,1,roc_auc,binary,0.8766824047132923,Preprocessor1_Model59,Fold_4
0.4,1,accuracy,binary,0.7973977695167286,Preprocessor1_Model60,Fold_4
0.4,1,roc_auc,binary,0.8811793899430446,Preprocessor1_Model60,Fold_4
0.5,1,accuracy,binary,0.8039033457249071,Preprocessor1_Model61,Fold_4
0.5,1,roc_auc,binary,0.885750624087357,Preprocessor1_Model61,Fold_4
0.6000000000000001,1,accuracy,binary,0.8092472118959108,Preprocessor1_Model62,Fold_4
0.6000000000000001,1,roc_auc,binary,0.8903949057074828,Preprocessor1_Model62,Fold_4
0.7000000000000001,1,accuracy,binary,0.8136617100371747,Preprocessor1_Model63,Fold_4
0.7000000000000001,1,roc_auc,binary,0.8953169599658983,Preprocessor1_Model63,Fold_4
0.8,1,accuracy,binary,0.8190055762081785,Preprocessor1_Model64,Fold_4
0.8,1,roc_auc,binary,0.9004100991018765,Preprocessor1_Model64,Fold_4
0.9,1,accuracy,binary,0.8231877323420075,Preprocessor1_Model65,Fold_4
0.9,1,roc_auc,binary,0.9053809317734173,Preprocessor1_Model65,Fold_4
1,1,accuracy,binary,0.8299256505576208,Preprocessor1_Model66,Fold_4
1,1,roc_auc,binary,0.909790932837892,Preprocessor1_Model66,Fold_4
0,0.2,accuracy,binary,0.7881040892193308,Preprocessor1_Model12,Fold_5
0,0.2,roc_auc,binary,0.8992300601407296,Preprocessor1_Model12,Fold_5
0.1,0.2,accuracy,binary,0.7867100371747212,Preprocessor1_Model13,Fold_5
0.1,0.2,roc_auc,binary,0.8997385554398867,Preprocessor1_Model13,Fold_5
0.2,0.2,accuracy,binary,0.7864776951672863,Preprocessor1_Model14,Fold_5
0.2,0.2,roc_auc,binary,0.9007714475590223,Preprocessor1_Model14,Fold_5
0.30000000000000004,0.2,accuracy,binary,0.7885687732342007,Preprocessor1_Model15,Fold_5
0.30000000000000004,0.2,roc_auc,binary,0.9022968156674505,Preprocessor1_Model15,Fold_5
0.4,0.2,accuracy,binary,0.7904275092936803,Preprocessor1_Model16,Fold_5
0.4,0.2,roc_auc,binary,0.90442667714518,Preprocessor1_Model16,Fold_5
0.5,0.2,accuracy,binary,0.7953066914498141,Preprocessor1_Model17,Fold_5
0.5,0.2,roc_auc,binary,0.9071226327641531,Preprocessor1_Model17,Fold_5
0.6000000000000001,0.2,accuracy,binary,0.8027416356877324,Preprocessor1_Model18,Fold_5
0.6000000000000001,0.2,roc_auc,binary,0.9105276784227199,Preprocessor1_Model18,Fold_5
0.7000000000000001,0.2,accuracy,binary,0.8118029739776952,Preprocessor1_Model19,Fold_5
0.7000000000000001,0.2,roc_auc,binary,0.9147407569171027,Preprocessor1_Model19,Fold_5
0.8,0.2,accuracy,binary,0.8245817843866171,Preprocessor1_Model20,Fold_5
0.8,0.2,roc_auc,binary,0.9201571682760183,Preprocessor1_Model20,Fold_5
0.9,0.2,accuracy,binary,0.8378252788104089,Preprocessor1_Model21,Fold_5
0.9,0.2,roc_auc,binary,0.9272662081845953,Preprocessor1_Model21,Fold_5
1,0.2,accuracy,binary,0.8529275092936803,Preprocessor1_Model22,Fold_5
1,0.2,roc_auc,binary,0.9375421243065465,Preprocessor1_Model22,Fold_5
0,0.4,accuracy,binary,0.7802044609665427,Preprocessor1_Model23,Fold_5
0,0.4,roc_auc,binary,0.8996814277539726,Preprocessor1_Model23,Fold_5
0.1,0.4,accuracy,binary,0.7813661710037175,Preprocessor1_Model24,Fold_5
0.1,0.4,roc_auc,binary,0.9008482460151378,Preprocessor1_Model24,Fold_5
0.2,0.4,accuracy,binary,0.7818308550185874,Preprocessor1_Model25,Fold_5
0.2,0.4,roc_auc,binary,0.9023540611424077,Preprocessor1_Model25,Fold_5
0.30000000000000004,0.4,accuracy,binary,0.7829925650557621,Preprocessor1_Model26,Fold_5
0.30000000000000004,0.4,roc_auc,binary,0.904124194882443,Preprocessor1_Model26,Fold_5
0.4,0.4,accuracy,binary,0.787407063197026,Preprocessor1_Model27,Fold_5
0.4,0.4,roc_auc,binary,0.9062479313299302,Preprocessor1_Model27,Fold_5
0.5,0.4,accuracy,binary,0.7932156133828996,Preprocessor1_Model28,Fold_5
0.5,0.4,roc_auc,binary,0.9086998280515548,Preprocessor1_Model28,Fold_5
0.6000000000000001,0.4,accuracy,binary,0.8034386617100372,Preprocessor1_Model29,Fold_5
0.6000000000000001,0.4,roc_auc,binary,0.9117642277974132,Preprocessor1_Model29,Fold_5
0.7000000000000001,0.4,accuracy,binary,0.8120353159851301,Preprocessor1_Model30,Fold_5
0.7000000000000001,0.4,roc_auc,binary,0.9154236977891232,Preprocessor1_Model30,Fold_5
0.8,0.4,accuracy,binary,0.8243494423791822,Preprocessor1_Model31,Fold_5
0.8,0.4,roc_auc,binary,0.9199760087276969,Preprocessor1_Model31,Fold_5
0.9,0.4,accuracy,binary,0.8327137546468402,Preprocessor1_Model32,Fold_5
0.9,0.4,roc_auc,binary,0.9256708733845527,Preprocessor1_Model32,Fold_5
1,0.4,accuracy,binary,0.8494423791821561,Preprocessor1_Model33,Fold_5
1,0.4,roc_auc,binary,0.9344731440123637,Preprocessor1_Model33,Fold_5
0,0.6000000000000001,accuracy,binary,0.7797397769516728,Preprocessor1_Model34,Fold_5
0,0.6000000000000001,roc_auc,binary,0.9000082923486358,Preprocessor1_Model34,Fold_5
0.1,0.6000000000000001,accuracy,binary,0.779275092936803,Preprocessor1_Model35,Fold_5
0.1,0.6000000000000001,roc_auc,binary,0.9014808909657454,Preprocessor1_Model35,Fold_5
0.2,0.6000000000000001,accuracy,binary,0.7815985130111525,Preprocessor1_Model36,Fold_5
0.2,0.6000000000000001,roc_auc,binary,0.9031289952571064,Preprocessor1_Model36,Fold_5
0.30000000000000004,0.6000000000000001,accuracy,binary,0.7850836431226765,Preprocessor1_Model37,Fold_5
0.30000000000000004,0.6000000000000001,roc_auc,binary,0.9048445926701764,Preprocessor1_Model37,Fold_5
0.4,0.6000000000000001,accuracy,binary,0.7897304832713755,Preprocessor1_Model38,Fold_5
0.4,0.6000000000000001,roc_auc,binary,0.907165198013642,Preprocessor1_Model38,Fold_5
0.5,0.6000000000000001,accuracy,binary,0.7955390334572491,Preprocessor1_Model39,Fold_5
0.5,0.6000000000000001,roc_auc,binary,0.9094402904878793,Preprocessor1_Model39,Fold_5
0.6000000000000001,0.6000000000000001,accuracy,binary,0.8029739776951673,Preprocessor1_Model40,Fold_5
0.6000000000000001,0.6000000000000001,roc_auc,binary,0.9120627505099752,Preprocessor1_Model40,Fold_5
0.7000000000000001,0.6000000000000001,accuracy,binary,0.8138940520446096,Preprocessor1_Model41,Fold_5
0.7000000000000001,0.6000000000000001,roc_auc,binary,0.9151532376352235,Preprocessor1_Model41,Fold_5
0.8,0.6000000000000001,accuracy,binary,0.8227230483271375,Preprocessor1_Model42,Fold_5
0.8,0.6000000000000001,roc_auc,binary,0.9187718838195565,Preprocessor1_Model42,Fold_5
0.9,0.6000000000000001,accuracy,binary,0.8310873605947955,Preprocessor1_Model43,Fold_5
0.9,0.6000000000000001,roc_auc,binary,0.92328919467544035,Preprocessor1_Model43,Fold_5
1,0.6000000000000001,accuracy,binary,0.8436338289962825,Preprocessor1_Model44,Fold_5
1,0.6000000000000001,roc_auc,binary,0.9303056943207715,Preprocessor1_Model44,Fold_5
0,0.8,accuracy,binary,0.783224907063197,Preprocessor1_Model45,Fold_5
0,0.8,roc_auc,binary,0.8996001738251719,Preprocessor1_Model45,Fold_5
0.1,0.8,accuracy,binary,0.7862453531598513,Preprocessor1_Model46,Fold_5
0.1,0.8,roc_auc,binary,0.9011327706424788,Preprocessor1_Model46,Fold_5
0.2,0.8,accuracy,binary,0.7892657992565055,Preprocessor1_Model47,Fold_5
0.2,0.8,roc_auc,binary,0.902763209526253,Preprocessor1_Model47,Fold_5
0.30000000000000004,0.8,accuracy,binary,0.7941449814126395,Preprocessor1_Model48,Fold_5
0.30000000000000004,0.8,roc_auc,binary,0.9045153299929066,Preprocessor1_Model48,Fold_5
0.4,0.8,accuracy,binary,0.7971654275092936,Preprocessor1_Model49,Fold_5
0.4,0.8,roc_auc,binary,0.9064195524381593,Preprocessor1_Model49,Fold_5
0.5,0.8,accuracy,binary,0.8036710037174721,Preprocessor1_Model50,Fold_5
0.5,0.8,roc_auc,binary,0.9084247045684359,Preprocessor1_Model50,Fold_5
0.6000000000000001,0.8,accuracy,binary,0.8122676579925651,Preprocessor1_Model51,Fold_5
0.6000000000000001,0.8,roc_auc,binary,0.9106543545027845,Preprocessor1_Model51,Fold_5
0.7000000000000001,0.8,accuracy,binary,0.8176115241635687,Preprocessor1_Model52,Fold_5
0.7000000000000001,0.8,roc_auc,binary,0.9130141754327714,Preprocessor1_Model52,Fold_5
0.8,0.8,accuracy,binary,0.8243494423791822,Preprocessor1_Model53,Fold_5
0.8,0.8,roc_auc,binary,0.9156471930771758,Preprocessor1_Model53,Fold_5
0.9,0.8,accuracy,binary,0.8324814126394052,Preprocessor1_Model54,Fold_5
0.9,0.8,roc_auc,binary,0.9191718926388359,Preprocessor1_Model54,Fold_5
1,0.8,accuracy,binary,0.8385223048327137,Preprocessor1_Model55,Fold_5
1,0.8,roc_auc,binary,0.9242601363723888,Preprocessor1_Model55,Fold_5
0,1,accuracy,binary,0.7836895910780669,Preprocessor1_Model56,Fold_5
0,1,roc_auc,binary,0.8694113869054365,Preprocessor1_Model56,Fold_5
0.1,1,accuracy,binary,0.7885687732342007,Preprocessor1_Model57,Fold_5
0.1,1,roc_auc,binary,0.8733806528391703,Preprocessor1_Model57,Fold_5
0.2,1,accuracy,binary,0.7934479553903345,Preprocessor1_Model58,Fold_5
0.2,1,roc_auc,binary,0.8773244172428124,Preprocessor1_Model58,Fold_5
0.30000000000000004,1,accuracy,binary,0.7983271375464684,Preprocessor1_Model59,Fold_5
0.30000000000000004,1,roc_auc,binary,0.8813423249839435,Preprocessor1_Model59,Fold_5
0.4,1,accuracy,binary,0.8025092936802974,Preprocessor1_Model60,Fold_5
0.4,1,roc_auc,binary,0.885429181306434,Preprocessor1_Model60,Fold_5
0.5,1,accuracy,binary,0.8064591078066915,Preprocessor1_Model61,Fold_5
0.5,1,roc_auc,binary,0.8896152102459481,Preprocessor1_Model61,Fold_5
0.6000000000000001,1,accuracy,binary,0.8085501858736059,Preprocessor1_Model62,Fold_5
0.6000000000000001,1,roc_auc,binary,0.8939164683214327,Preprocessor1_Model62,Fold_5
0.7000000000000001,1,accuracy,binary,0.8127323420074349,Preprocessor1_Model63,Fold_5
0.7000000000000001,1,roc_auc,binary,0.8982467698061883,Preprocessor1_Model63,Fold_5
0.8,1,accuracy,binary,0.8185408921933085,Preprocessor1_Model64,Fold_5
0.8,1,roc_auc,binary,0.9027506233707355,Preprocessor1_Model64,Fold_5
0.9,1,accuracy,binary,0.8252788104089219,Preprocessor1_Model65,Fold_5
0.9,1,roc_auc,binary,0.9076639181684234,Preprocessor1_Model65,Fold_5
1,1,accuracy,binary,0.829228624535316,Preprocessor1_Model66,Fold_5
1,1,roc_auc,binary,0.9117203143299709,Preprocessor1_Model66,Fold_5
0,0.2,accuracy,binary,0.7815985130111525,Preprocessor1_Model12,Fold_6
0,0.2,roc_auc,binary,0.8939892180743594,Preprocessor1_Model12,Fold_6
0.1,0.2,accuracy,binary,0.7799721189591078,Preprocessor1_Model13,Fold_6
0.1,0.2,roc_auc,binary,0.8947259908608546,Preprocessor1_Model13,Fold_6
0.2,0.2,accuracy,binary,0.7806691449814126,Preprocessor1_Model14,Fold_6
0.2,0.2,roc_auc,binary,0.8959815612077268,Preprocessor1_Model14,Fold_6
0.30000000000000004,0.2,accuracy,binary,0.7818308550185874,Preprocessor1_Model15,Fold_6
0.30000000000000004,0.2,roc_auc,binary,0.897809980362167,Preprocessor1_Model15,Fold_6
0.4,0.2,accuracy,binary,0.783457249070632,Preprocessor1_Model16,Fold_6
0.4,0.2,roc_auc,binary,0.9001678185011046,Preprocessor1_Model16,Fold_6
0.5,0.2,accuracy,binary,0.7897304832713755,Preprocessor1_Model17,Fold_6
0.5,0.2,roc_auc,binary,0.9031401650333277,Preprocessor1_Model17,Fold_6
0.6000000000000001,0.2,accuracy,binary,0.7969330855018587,Preprocessor1_Model18,Fold_6
0.6000000000000001,0.2,roc_auc,binary,0.9068812666402312,Preprocessor1_Model18,Fold_6
0.7000000000000001,0.2,accuracy,binary,0.8062267657992565,Preprocessor1_Model19,Fold_6
0.7000000000000001,0.2,roc_auc,binary,0.911534866594913,Preprocessor1_Model19,Fold_6
0.8,0.2,accuracy,binary,0.8203996282527881,Preprocessor1_Model20,Fold_6
0.8,0.2,roc_auc,binary,0.9172617024490644,Preprocessor1_Model20,Fold_6
0.9,0.2,accuracy,binary,0.8361988847583643,Preprocessor1_Model21,Fold_6
0.9,0.2,roc_auc,binary,0.9244035480277195,Preprocessor1_Model21,Fold_6
1,0.2,accuracy,binary,0.8580390334572491,Preprocessor1_Model22,Fold_6
1,0.2,roc_auc,binary,0.9356126611377608,Preprocessor1_Model22,Fold_6
0,0.4,accuracy,binary,0.7767193308550185,Preprocessor1_Model23,Fold_6
0,0.4,roc_auc,binary,0.8928945032950018,Preprocessor1_Model23,Fold_6
0.1,0.4,accuracy,binary,0.7755576208178439,Preprocessor1_Model24,Fold_6
0.1,0.4,roc_auc,binary,0.894379968466172,Preprocessor1_Model24,Fold_6
0.2,0.4,accuracy,binary,0.7778810408921933,Preprocessor1_Model25,Fold_6
0.2,0.4,roc_auc,binary,0.896129553050473,Preprocessor1_Model25,Fold_6
0.30000000000000004,0.4,accuracy,binary,0.7806691449814126,Preprocessor1_Model26,Fold_6
0.30000000000000004,0.4,roc_auc,binary,0.8982764969127061,Preprocessor1_Model26,Fold_6
0.4,0.4,accuracy,binary,0.7850836431226765,Preprocessor1_Model27,Fold_6
0.4,0.4,roc_auc,binary,0.9008282350497555,Preprocessor1_Model27,Fold_6
0.5,0.4,accuracy,binary,0.7913568773234201,Preprocessor1_Model28,Fold_6
0.5,0.4,roc_auc,binary,0.9038211163352783,Preprocessor1_Model28,Fold_6
0.6000000000000001,0.4,accuracy,binary,0.7985594795539034,Preprocessor1_Model29,Fold_6
0.6000000000000001,0.4,roc_auc,binary,0.9073016390037576,Preprocessor1_Model29,Fold_6
0.7000000000000001,0.4,accuracy,binary,0.808317843866171,Preprocessor1_Model30,Fold_6
0.7000000000000001,0.4,roc_auc,binary,0.9113120527200287,Preprocessor1_Model30,Fold_6
0.8,0.4,accuracy,binary,0.8222583643122676,Preprocessor1_Model31,Fold_6
0.8,0.4,roc_auc,binary,0.9162538473158481,Preprocessor1_Model31,Fold_6
0.9,0.4,accuracy,binary,0.8317843866171004,Preprocessor1_Model32,Fold_6
0.9,0.4,roc_auc,binary,0.9223540852357485,Preprocessor1_Model32,Fold_6
1,0.4,accuracy,binary,0.8550185873605948,Preprocessor1_Model33,Fold_6
1,0.4,roc_auc,binary,0.9320436564134519,Preprocessor1_Model33,Fold_6
0,0.6000000000000001,accuracy,binary,0.7755576208178439,Preprocessor1_Model34,Fold_6
0,0.6000000000000001,roc_auc,binary,0.8927088644045393,Preprocessor1_Model34,Fold_6
0.1,0.6000000000000001,accuracy,binary,0.7778810408921933,Preprocessor1_Model35,Fold_6
0.1,0.6000000000000001,roc_auc,binary,0.894384807114938,Preprocessor1_Model35,Fold_6
0.2,0.6000000000000001,accuracy,binary,0.779042750929368,Preprocessor1_Model36,Fold_6
0.2,0.6000000000000001,roc_auc,binary,0.8962466247474461,Preprocessor1_Model36,Fold_6
0.30000000000000004,0.6000000000000001,accuracy,binary,0.783224907063197,Preprocessor1_Model37,Fold_6
0.30000000000000004,0.6000000000000001,roc_auc,binary,0.8983234672104836,Preprocessor1_Model37,Fold_6
0.4,0.6000000000000001,accuracy,binary,0.7883364312267658,Preprocessor1_Model38,Fold_6
0.4,0.6000000000000001,roc_auc,binary,0.9006372854472328,Preprocessor1_Model38,Fold_6
0.5,0.6000000000000001,accuracy,binary,0.7964684014869888,Preprocessor1_Model39,Fold_6
0.5,0.6000000000000001,roc_auc,binary,0.9032931135406636,Preprocessor1_Model39,Fold_6
0.6000000000000001,0.6000000000000001,accuracy,binary,0.8020446096654275,Preprocessor1_Model40,Fold_6
0.6000000000000001,0.6000000000000001,roc_auc,binary,0.9062600313450028,Preprocessor1_Model40,Fold_6
0.7000000000000001,0.6000000000000001,accuracy,binary,0.8115706319702602,Preprocessor1_Model41,Fold_6
0.7000000000000001,0.6000000000000001,roc_auc,binary,0.9098002700202044,Preprocessor1_Model41,Fold_6
0.8,0.6000000000000001,accuracy,binary,0.8210966542750929,Preprocessor1_Model42,Fold_6
0.8,0.6000000000000001,roc_auc,binary,0.9143158899847846,Preprocessor1_Model42,Fold_6
0.9,0.6000000000000001,accuracy,binary,0.8303903345724907,Preprocessor1_Model43,Fold_6
0.9,0.6000000000000001,roc_auc,binary,0.9193435203471103,Preprocessor1_Model43,Fold_6
1,0.6000000000000001,accuracy,binary,0.8480483271375465,Preprocessor1_Model44,Fold_6
1,0.6000000000000001,roc_auc,binary,0.927578794464294,Preprocessor1_Model44,Fold_6
0,0.8,accuracy,binary,0.7815985130111525,Preprocessor1_Model45,Fold_6
0,0.8,roc_auc,binary,0.8900759256478331,Preprocessor1_Model45,Fold_6
0.1,0.8,accuracy,binary,0.7853159851301115,Preprocessor1_Model46,Fold_6
0.1,0.8,roc_auc,binary,0.8920359293879198,Preprocessor1_Model46,Fold_6
0.2,0.8,accuracy,binary,0.7894981412639405,Preprocessor1_Model47,Fold_6
0.2,0.8,roc_auc,binary,0.8941827013436923,Preprocessor1_Model47,Fold_6
0.30000000000000004,0.8,accuracy,binary,0.7934479553903345,Preprocessor1_Model48,Fold_6
0.30000000000000004,0.8,roc_auc,binary,0.8964099890536353,Preprocessor1_Model48,Fold_6
0.4,0.8,accuracy,binary,0.796003717472119,Preprocessor1_Model49,Fold_6
0.4,0.8,roc_auc,binary,0.8988996022852307,Preprocessor1_Model49,Fold_6
0.5,0.8,accuracy,binary,0.800185873605948,Preprocessor1_Model50,Fold_6
0.5,0.8,roc_auc,binary,0.9014895650638128,Preprocessor1_Model50,Fold_6
0.6000000000000001,0.8,accuracy,binary,0.8064591078066915,Preprocessor1_Model51,Fold_6
0.6000000000000001,0.8,roc_auc,binary,0.9042075030293757,Preprocessor1_Model51,Fold_6
0.7000000000000001,0.8,accuracy,binary,0.8150557620817844,Preprocessor1_Model52,Fold_6
0.7000000000000001,0.8,roc_auc,binary,0.9071573074776232,Preprocessor1_Model52,Fold_6
0.8,0.8,accuracy,binary,0.820864312267658,Preprocessor1_Model53,Fold_6
0.8,0.8,roc_auc,binary,0.9103529092868429,Preprocessor1_Model53,Fold_6
0.9,0.8,accuracy,binary,0.8262081784386617,Preprocessor1_Model54,Fold_6
0.9,0.8,roc_auc,binary,0.9146235498900169,Preprocessor1_Model54,Fold_6
1,0.8,accuracy,binary,0.841542750929368,Preprocessor1_Model55,Fold_6
1,0.8,roc_auc,binary,0.9210855884827999,Preprocessor1_Model55,Fold_6
0,1,accuracy,binary,0.7716078066914498,Preprocessor1_Model56,Fold_6
0,1,roc_auc,binary,0.8541410387956365,Preprocessor1_Model56,Fold_6
0.1,1,accuracy,binary,0.7764869888475836,Preprocessor1_Model57,Fold_6
0.1,1,roc_auc,binary,0.8590441111167799,Preprocessor1_Model57,Fold_6
0.2,1,accuracy,binary,0.7806691449814126,Preprocessor1_Model58,Fold_6
0.2,1,roc_auc,binary,0.8640404830605678,Preprocessor1_Model58,Fold_6
0.30000000000000004,1,accuracy,binary,0.7862453531598513,Preprocessor1_Model59,Fold_6
0.30000000000000004,1,roc_auc,binary,0.8692414055694442,Preprocessor1_Model59,Fold_6
0.4,1,accuracy,binary,0.7899628252788105,Preprocessor1_Model60,Fold_6
0.4,1,roc_auc,binary,0.8745375173135755,Preprocessor1_Model60,Fold_6
0.5,1,accuracy,binary,0.7948420074349443,Preprocessor1_Model61,Fold_6
0.5,1,roc_auc,binary,0.8802056308049718,Preprocessor1_Model61,Fold_6
0.6000000000000001,1,accuracy,binary,0.800185873605948,Preprocessor1_Model62,Fold_6
0.6000000000000001,1,roc_auc,binary,0.8854347372221543,Preprocessor1_Model62,Fold_6
0.7000000000000001,1,accuracy,binary,0.8046003717472119,Preprocessor1_Model63,Fold_6
0.7000000000000001,1,roc_auc,binary,0.890806457981577,Preprocessor1_Model63,Fold_6
0.8,1,accuracy,binary,0.8115706319702602,Preprocessor1_Model64,Fold_6
0.8,1,roc_auc,binary,0.8964030348720885,Preprocessor1_Model64,Fold_6
0.9,1,accuracy,binary,0.8176115241635687,Preprocessor1_Model65,Fold_6
0.9,1,roc_auc,binary,0.9021698498429199,Preprocessor1_Model65,Fold_6
1,1,accuracy,binary,0.8229553903345725,Preprocessor1_Model66,Fold_6
1,1,roc_auc,binary,0.9075240739107541,Preprocessor1_Model66,Fold_6
0,0.2,accuracy,binary,0.7904275092936803,Preprocessor1_Model12,Fold_7
0,0.2,roc_auc,binary,0.9077087218849264,Preprocessor1_Model12,Fold_7
0.1,0.2,accuracy,binary,0.79182156133829,Preprocessor1_Model13,Fold_7
0.1,0.2,roc_auc,binary,0.9085095633294218,Preprocessor1_Model13,Fold_7
0.2,0.2,accuracy,binary,0.7920539033457249,Preprocessor1_Model14,Fold_7
0.2,0.2,roc_auc,binary,0.9096701397746448,Preprocessor1_Model14,Fold_7
0.30000000000000004,0.2,accuracy,binary,0.7925185873605948,Preprocessor1_Model15,Fold_7
0.30000000000000004,0.2,roc_auc,binary,0.9113899234517931,Preprocessor1_Model15,Fold_7
0.4,0.2,accuracy,binary,0.7967007434944238,Preprocessor1_Model16,Fold_7
0.4,0.2,roc_auc,binary,0.9136099820675764,Preprocessor1_Model16,Fold_7
0.5,0.2,accuracy,binary,0.7992565055762082,Preprocessor1_Model17,Fold_7
0.5,0.2,roc_auc,binary,0.9163026800375655,Preprocessor1_Model17,Fold_7
0.6000000000000001,0.2,accuracy,binary,0.8064591078066915,Preprocessor1_Model18,Fold_7
0.6000000000000001,0.2,roc_auc,binary,0.9195849371420365,Preprocessor1_Model18,Fold_7
0.7000000000000001,0.2,accuracy,binary,0.8162174721189591,Preprocessor1_Model19,Fold_7
0.7000000000000001,0.2,roc_auc,binary,0.9235446203673785,Preprocessor1_Model19,Fold_7
0.8,0.2,accuracy,binary,0.8352695167286245,Preprocessor1_Model20,Fold_7
0.8,0.2,roc_auc,binary,0.9285393389001321,Preprocessor1_Model20,Fold_7
0.9,0.2,accuracy,binary,0.8547862453531598,Preprocessor1_Model21,Fold_7
0.9,0.2,roc_auc,binary,0.9348440313751278,Preprocessor1_Model21,Fold_7
1,0.2,accuracy,binary,0.870817843866171,Preprocessor1_Model22,Fold_7
1,0.2,roc_auc,binary,0.9423368177789871,Preprocessor1_Model22,Fold_7
0,0.4,accuracy,binary,0.7846189591078067,Preprocessor1_Model23,Fold_7
0,0.4,roc_auc,binary,0.9053314685644821,Preprocessor1_Model23,Fold_7
0.1,0.4,accuracy,binary,0.7846189591078067,Preprocessor1_Model24,Fold_7
0.1,0.4,roc_auc,binary,0.9069867459783545,Preprocessor1_Model24,Fold_7
0.2,0.4,accuracy,binary,0.7860130111524164,Preprocessor1_Model25,Fold_7
0.2,0.4,roc_auc,binary,0.9088552915766739,Preprocessor1_Model25,Fold_7
0.30000000000000004,0.4,accuracy,binary,0.7888011152416357,Preprocessor1_Model26,Fold_7
0.30000000000000004,0.4,roc_auc,binary,0.910983488534032,Preprocessor1_Model26,Fold_7
0.4,0.4,accuracy,binary,0.7929832713754646,Preprocessor1_Model27,Fold_7
0.4,0.4,roc_auc,binary,0.9133588263758572,Preprocessor1_Model27,Fold_7
0.5,0.4,accuracy,binary,0.7994888475836431,Preprocessor1_Model28,Fold_7
0.5,0.4,roc_auc,binary,0.9161425249914433,Preprocessor1_Model28,Fold_7
0.6000000000000001,0.4,accuracy,binary,0.8078531598513011,Preprocessor1_Model29,Fold_7
0.6000000000000001,0.4,roc_auc,binary,0.9193131041319973,Preprocessor1_Model29,Fold_7
0.7000000000000001,0.4,accuracy,binary,0.8180762081784386,Preprocessor1_Model30,Fold_7
0.7000000000000001,0.4,roc_auc,binary,0.9230339081070236,Preprocessor1_Model30,Fold_7
0.8,0.4,accuracy,binary,0.8343401486988847,Preprocessor1_Model31,Fold_7
0.8,0.4,roc_auc,binary,0.9273868451179643,Preprocessor1_Model31,Fold_7
0.9,0.4,accuracy,binary,0.8517657992565055,Preprocessor1_Model32,Fold_7
0.9,0.4,roc_auc,binary,0.9324391884714797,Preprocessor1_Model32,Fold_7
1,0.4,accuracy,binary,0.8664033457249071,Preprocessor1_Model33,Fold_7
1,0.4,roc_auc,binary,0.9387919130403994,Preprocessor1_Model33,Fold_7
0,0.6000000000000001,accuracy,binary,0.7827602230483272,Preprocessor1_Model34,Fold_7
0,0.6000000000000001,roc_auc,binary,0.90434750793707,Preprocessor1_Model34,Fold_7
0.1,0.6000000000000001,accuracy,binary,0.7857806691449815,Preprocessor1_Model35,Fold_7
0.1,0.6000000000000001,roc_auc,binary,0.90612010055589,Preprocessor1_Model35,Fold_7
0.2,0.6000000000000001,accuracy,binary,0.7885687732342007,Preprocessor1_Model36,Fold_7
0.2,0.6000000000000001,roc_auc,binary,0.9079781420765027,Preprocessor1_Model36,Fold_7
0.30000000000000004,0.6000000000000001,accuracy,binary,0.7920539033457249,Preprocessor1_Model37,Fold_7
0.30000000000000004,0.6000000000000001,roc_auc,binary,0.9100126284979169,Preprocessor1_Model37,Fold_7
0.4,0.6000000000000001,accuracy,binary,0.7976301115241635,Preprocessor1_Model38,Fold_7
0.4,0.6000000000000001,roc_auc,binary,0.9122864662630268,Preprocessor1_Model38,Fold_7
0.5,0.6000000000000001,accuracy,binary,0.8048327137546468,Preprocessor1_Model39,Fold_7
0.5,0.6000000000000001,roc_auc,binary,0.9147262448512316,Preprocessor1_Model39,Fold_7
0.6000000000000001,0.6000000000000001,accuracy,binary,0.8134293680297398,Preprocessor1_Model40,Fold_7
0.6000000000000001,0.6000000000000001,roc_auc,binary,0.9175068748598473,Preprocessor1_Model40,Fold_7
0.7000000000000001,0.6000000000000001,accuracy,binary,0.8241171003717472,Preprocessor1_Model41,Fold_7
0.7000000000000001,0.6000000000000001,roc_auc,binary,0.9206564458449882,Preprocessor1_Model41,Fold_7
0.8,0.6000000000000001,accuracy,binary,0.837360594795539,Preprocessor1_Model42,Fold_7
0.8,0.6000000000000001,roc_auc,binary,0.9242389264596537,Preprocessor1_Model42,Fold_7
0.9,0.6000000000000001,accuracy,binary,0.8508364312267658,Preprocessor1_Model43,Fold_7
0.9,0.6000000000000001,roc_auc,binary,0.9284582610440345,Preprocessor1_Model43,Fold_7
1,0.6000000000000001,accuracy,binary,0.8631505576208178,Preprocessor1_Model44,Fold_7
1,0.6000000000000001,roc_auc,binary,0.9338590093120419,Preprocessor1_Model44,Fold_7
0,0.8,accuracy,binary,0.7899628252788105,Preprocessor1_Model45,Fold_7
0,0.8,roc_auc,binary,0.89986592548006,Preprocessor1_Model45,Fold_7
0.1,0.8,accuracy,binary,0.7920539033457249,Preprocessor1_Model46,Fold_7
0.1,0.8,roc_auc,binary,0.9018156711397515,Preprocessor1_Model46,Fold_7
0.2,0.8,accuracy,binary,0.7962360594795539,Preprocessor1_Model47,Fold_7
0.2,0.8,roc_auc,binary,0.9038961866657225,Preprocessor1_Model47,Fold_7
0.30000000000000004,0.8,accuracy,binary,0.8034386617100372,Preprocessor1_Model48,Fold_7
0.30000000000000004,0.8,roc_auc,binary,0.9060122272185438,Preprocessor1_Model48,Fold_7
0.4,0.8,accuracy,binary,0.8090148698884758,Preprocessor1_Model49,Fold_7
0.4,0.8,roc_auc,binary,0.9083047126721665,Preprocessor1_Model49,Fold_7
0.5,0.8,accuracy,binary,0.8145910780669146,Preprocessor1_Model50,Fold_7
0.5,0.8,roc_auc,binary,0.9106423454627567,Preprocessor1_Model50,Fold_7
0.6000000000000001,0.8,accuracy,binary,0.8199349442379182,Preprocessor1_Model51,Fold_7
0.6000000000000001,0.8,roc_auc,binary,0.9132044239610437,Preprocessor1_Model51,Fold_7
0.7000000000000001,0.8,accuracy,binary,0.8306226765799256,Preprocessor1_Model52,Fold_7
0.7000000000000001,0.8,roc_auc,binary,0.9159294815469881,Preprocessor1_Model52,Fold_7
0.8,0.8,accuracy,binary,0.8371282527881041,Preprocessor1_Model53,Fold_7
0.8,0.8,roc_auc,binary,0.9190034088611494,Preprocessor1_Model53,Fold_7
0.9,0.8,accuracy,binary,0.8431691449814126,Preprocessor1_Model54,Fold_7
0.9,0.8,roc_auc,binary,0.9226092621251717,Preprocessor1_Model54,Fold_7
1,0.8,accuracy,binary,0.8506040892193308,Preprocessor1_Model55,Fold_7
1,0.8,roc_auc,binary,0.9269246649244438,Preprocessor1_Model55,Fold_7
0,1,accuracy,binary,0.787639405204461,Preprocessor1_Model56,Fold_7
0,1,roc_auc,binary,0.8654560284753747,Preprocessor1_Model56,Fold_7
0.1,1,accuracy,binary,0.7892657992565055,Preprocessor1_Model57,Fold_7
0.1,1,roc_auc,binary,0.8699105040749993,Preprocessor1_Model57,Fold_7
0.2,1,accuracy,binary,0.7950743494423792,Preprocessor1_Model58,Fold_7
0.2,1,roc_auc,binary,0.8745398317828205,Preprocessor1_Model58,Fold_7
0.30000000000000004,1,accuracy,binary,0.7992565055762082,Preprocessor1_Model59,Fold_7
0.30000000000000004,1,roc_auc,binary,0.879259657270965,Preprocessor1_Model59,Fold_7
0.4,1,accuracy,binary,0.8018122676579925,Preprocessor1_Model60,Fold_7
0.4,1,roc_auc,binary,0.8841304699174036,Preprocessor1_Model60,Fold_7
0.5,1,accuracy,binary,0.8076208178438662,Preprocessor1_Model61,Fold_7
0.5,1,roc_auc,binary,0.8894335681923045,Preprocessor1_Model61,Fold_7
0.6000000000000001,1,accuracy,binary,0.8134293680297398,Preprocessor1_Model62,Fold_7
0.6000000000000001,1,roc_auc,binary,0.894545816409116,Preprocessor1_Model62,Fold_7
0.7000000000000001,1,accuracy,binary,0.8173791821561338,Preprocessor1_Model63,Fold_7
0.7000000000000001,1,roc_auc,binary,0.8999077817975456,Preprocessor1_Model63,Fold_7
0.8,1,accuracy,binary,0.8238847583643123,Preprocessor1_Model64,Fold_7
0.8,1,roc_auc,binary,0.9045111296457324,Preprocessor1_Model64,Fold_7
0.9,1,accuracy,binary,0.8278345724907064,Preprocessor1_Model65,Fold_7
0.9,1,roc_auc,binary,0.9087703856187113,Preprocessor1_Model65,Fold_7
1,1,accuracy,binary,0.8322490706319703,Preprocessor1_Model66,Fold_7
1,1,roc_auc,binary,0.9121504421635828,Preprocessor1_Model66,Fold_7
0,0.2,accuracy,binary,0.7799721189591078,Preprocessor1_Model12,Fold_8
0,0.2,roc_auc,binary,0.8994256000597927,Preprocessor1_Model12,Fold_8
0.1,0.2,accuracy,binary,0.7776486988847584,Preprocessor1_Model13,Fold_8
0.1,0.2,roc_auc,binary,0.89999494493506,Preprocessor1_Model13,Fold_8
0.2,0.2,accuracy,binary,0.7771840148698885,Preprocessor1_Model14,Fold_8
0.2,0.2,roc_auc,binary,0.9007059456968466,Preprocessor1_Model14,Fold_8
0.30000000000000004,0.2,accuracy,binary,0.7804368029739777,Preprocessor1_Model15,Fold_8
0.30000000000000004,0.2,roc_auc,binary,0.9019192788420844,Preprocessor1_Model15,Fold_8
0.4,0.2,accuracy,binary,0.7822955390334573,Preprocessor1_Model16,Fold_8
0.4,0.2,roc_auc,binary,0.9036965456272512,Preprocessor1_Model16,Fold_8
0.5,0.2,accuracy,binary,0.7878717472118959,Preprocessor1_Model17,Fold_8
0.5,0.2,roc_auc,binary,0.9060348070611028,Preprocessor1_Model17,Fold_8
0.6000000000000001,0.2,accuracy,binary,0.7962360594795539,Preprocessor1_Model18,Fold_8
0.6000000000000001,0.2,roc_auc,binary,0.9091256853727582,Preprocessor1_Model18,Fold_8
0.7000000000000001,0.2,accuracy,binary,0.8055297397769516,Preprocessor1_Model19,Fold_8
0.7000000000000001,0.2,roc_auc,binary,0.9129830526008896,Preprocessor1_Model19,Fold_8
0.8,0.2,accuracy,binary,0.8169144981412639,Preprocessor1_Model20,Fold_8
0.8,0.2,roc_auc,binary,0.9180670372146827,Preprocessor1_Model20,Fold_8
0.9,0.2,accuracy,binary,0.8368959107806692,Preprocessor1_Model21,Fold_8
0.9,0.2,roc_auc,binary,0.9248900817274686,Preprocessor1_Model21,Fold_8
1,0.2,accuracy,binary,0.8578066914498141,Preprocessor1_Model22,Fold_8
1,0.2,roc_auc,binary,0.9351251646903821,Preprocessor1_Model22,Fold_8
0,0.4,accuracy,binary,0.7741635687732342,Preprocessor1_Model23,Fold_8
0,0.4,roc_auc,binary,0.8990344825964695,Preprocessor1_Model23,Fold_8
0.1,0.4,accuracy,binary,0.7741635687732342,Preprocessor1_Model24,Fold_8
0.1,0.4,roc_auc,binary,0.9000596027424315,Preprocessor1_Model24,Fold_8
0.2,0.4,accuracy,binary,0.7762546468401487,Preprocessor1_Model25,Fold_8
0.2,0.4,roc_auc,binary,0.9013271308862116,Preprocessor1_Model25,Fold_8
0.30000000000000004,0.4,accuracy,binary,0.7781133828996283,Preprocessor1_Model26,Fold_8
0.30000000000000004,0.4,roc_auc,binary,0.9029573305495209,Preprocessor1_Model26,Fold_8
0.4,0.4,accuracy,binary,0.783224907063197,Preprocessor1_Model27,Fold_8
0.4,0.4,roc_auc,binary,0.9052285729271602,Preprocessor1_Model27,Fold_8
0.5,0.4,accuracy,binary,0.7892657992565055,Preprocessor1_Model28,Fold_8
0.5,0.4,roc_auc,binary,0.907616369199592,Preprocessor1_Model28,Fold_8
0.6000000000000001,0.4,accuracy,binary,0.795771375464684,Preprocessor1_Model29,Fold_8
0.6000000000000001,0.4,roc_auc,binary,0.9105105608004856,Preprocessor1_Model29,Fold_8
0.7000000000000001,0.4,accuracy,binary,0.8055297397769516,Preprocessor1_Model30,Fold_8
0.7000000000000001,0.4,roc_auc,binary,0.9140515648274222,Preprocessor1_Model30,Fold_8
0.8,0.4,accuracy,binary,0.8187732342007435,Preprocessor1_Model31,Fold_8
0.8,0.4,roc_auc,binary,0.91840473005695,Preprocessor1_Model31,Fold_8
0.9,0.4,accuracy,binary,0.8350371747211895,Preprocessor1_Model32,Fold_8
0.9,0.4,roc_auc,binary,0.9239059418291024,Preprocessor1_Model32,Fold_8
1,0.4,accuracy,binary,0.8492100371747212,Preprocessor1_Model33,Fold_8
1,0.4,roc_auc,binary,0.9317128820063395,Preprocessor1_Model33,Fold_8
0,0.6000000000000001,accuracy,binary,0.7739312267657993,Preprocessor1_Model34,Fold_8
0,0.6000000000000001,roc_auc,binary,0.8977660039622553,Preprocessor1_Model34,Fold_8
0.1,0.6000000000000001,accuracy,binary,0.7753252788104089,Preprocessor1_Model35,Fold_8
0.1,0.6000000000000001,roc_auc,binary,0.8991101977858317,Preprocessor1_Model35,Fold_8
0.2,0.6000000000000001,accuracy,binary,0.7778810408921933,Preprocessor1_Model36,Fold_8
0.2,0.6000000000000001,roc_auc,binary,0.9006472593146281,Preprocessor1_Model36,Fold_8
0.30000000000000004,0.6000000000000001,accuracy,binary,0.7818308550185874,Preprocessor1_Model37,Fold_8
0.30000000000000004,0.6000000000000001,roc_auc,binary,0.902400003386945,Preprocessor1_Model37,Fold_8
0.4,0.6000000000000001,accuracy,binary,0.7878717472118959,Preprocessor1_Model38,Fold_8
0.4,0.6000000000000001,roc_auc,binary,0.9043717228660423,Preprocessor1_Model38,Fold_8
0.5,0.6000000000000001,accuracy,binary,0.7943773234200744,Preprocessor1_Model39,Fold_8
0.5,0.6000000000000001,roc_auc,binary,0.9066981307591296,Preprocessor1_Model39,Fold_8
0.6000000000000001,0.6000000000000001,accuracy,binary,0.8008828996282528,Preprocessor1_Model40,Fold_8
0.6000000000000001,0.6000000000000001,roc_auc,binary,0.9092942577538445,Preprocessor1_Model40,Fold_8
0.7000000000000001,0.6000000000000001,accuracy,binary,0.8113382899628253,Preprocessor1_Model41,Fold_8
0.7000000000000001,0.6000000000000001,roc_auc,binary,0.9124640491802507,Preprocessor1_Model41,Fold_8
0.8,0.6000000000000001,accuracy,binary,0.820864312267658,Preprocessor1_Model42,Fold_8
0.8,0.6000000000000001,roc_auc,binary,0.9162179609010713,Preprocessor1_Model42,Fold_8
0.9,0.6000000000000001,accuracy,binary,0.8327137546468402,Preprocessor1_Model43,Fold_8
0.9,0.6000000000000001,roc_auc,binary,0.9208916603726571,Preprocessor1_Model43,Fold_8
1,0.6000000000000001,accuracy,binary,0.8429368029739777,Preprocessor1_Model44,Fold_8
1,0.6000000000000001,roc_auc,binary,0.9273340412769268,Preprocessor1_Model44,Fold_8
0,0.8,accuracy,binary,0.7804368029739777,Preprocessor1_Model45,Fold_8
0,0.8,roc_auc,binary,0.892018329622534,Preprocessor1_Model45,Fold_8
0.1,0.8,accuracy,binary,0.7846189591078067,Preprocessor1_Model46,Fold_8
0.1,0.8,roc_auc,binary,0.8938677668833522,Preprocessor1_Model46,Fold_8
0.2,0.8,accuracy,binary,0.7881040892193308,Preprocessor1_Model47,Fold_8
0.2,0.8,roc_auc,binary,0.8957308128092102,Preprocessor1_Model47,Fold_8
0.30000000000000004,0.8,accuracy,binary,0.7922862453531598,Preprocessor1_Model48,Fold_8
0.30000000000000004,0.8,roc_auc,binary,0.8978007117588583,Preprocessor1_Model48,Fold_8
0.4,0.8,accuracy,binary,0.7987918215613383,Preprocessor1_Model49,Fold_8
0.4,0.8,roc_auc,binary,0.9000726784407624,Preprocessor1_Model49,Fold_8
0.5,0.8,accuracy,binary,0.8032063197026023,Preprocessor1_Model50,Fold_8
0.5,0.8,roc_auc,binary,0.9025542491806012,Preprocessor1_Model50,Fold_8
0.6000000000000001,0.8,accuracy,binary,0.8066914498141264,Preprocessor1_Model51,Fold_8
0.6000000000000001,0.8,roc_auc,binary,0.9053075986652225,Preprocessor1_Model51,Fold_8
0.7000000000000001,0.8,accuracy,binary,0.8134293680297398,Preprocessor1_Model52,Fold_8
0.7000000000000001,0.8,roc_auc,binary,0.9086617182173331,Preprocessor1_Model52,Fold_8
0.8,0.8,accuracy,binary,0.8192379182156134,Preprocessor1_Model53,Fold_8
0.8,0.8,roc_auc,binary,0.9120422790384497,Preprocessor1_Model53,Fold_8
0.9,0.8,accuracy,binary,0.829228624535316,Preprocessor1_Model54,Fold_8
0.9,0.8,roc_auc,binary,0.9161494165946922,Preprocessor1_Model54,Fold_8
1,0.8,accuracy,binary,0.8364312267657993,Preprocessor1_Model55,Fold_8
1,0.8,roc_auc,binary,0.9210875844334155,Preprocessor1_Model55,Fold_8
0,1,accuracy,binary,0.7713754646840149,Preprocessor1_Model56,Fold_8
0,1,roc_auc,binary,0.8507981509753869,Preprocessor1_Model56,Fold_8
0.1,1,accuracy,binary,0.7732342007434945,Preprocessor1_Model57,Fold_8
0.1,1,roc_auc,binary,0.8555197269840851,Preprocessor1_Model57,Fold_8
0.2,1,accuracy,binary,0.7774163568773235,Preprocessor1_Model58,Fold_8
0.2,1,roc_auc,binary,0.8604513551309773,Preprocessor1_Model58,Fold_8
0.30000000000000004,1,accuracy,binary,0.7811338289962825,Preprocessor1_Model59,Fold_8
0.30000000000000004,1,roc_auc,binary,0.8654784615225032,Preprocessor1_Model59,Fold_8
0.4,1,accuracy,binary,0.7883364312267658,Preprocessor1_Model60,Fold_8
0.4,1,roc_auc,binary,0.8707035968658617,Preprocessor1_Model60,Fold_8
0.5,1,accuracy,binary,0.791589219330855,Preprocessor1_Model61,Fold_8
0.5,1,roc_auc,binary,0.8761222819347617,Preprocessor1_Model61,Fold_8
0.6000000000000001,1,accuracy,binary,0.7967007434944238,Preprocessor1_Model62,Fold_8
0.6000000000000001,1,roc_auc,binary,0.8816998616626323,Preprocessor1_Model62,Fold_8
0.7000000000000001,1,accuracy,binary,0.799953531598513,Preprocessor1_Model63,Fold_8
0.7000000000000001,1,roc_auc,binary,0.8875761350595172,Preprocessor1_Model63,Fold_8
0.8,1,accuracy,binary,0.808317843866171,Preprocessor1_Model64,Fold_8
0.8,1,roc_auc,binary,0.8938798209441078,Preprocessor1_Model64,Fold_8
0.9,1,accuracy,binary,0.8155204460966543,Preprocessor1_Model65,Fold_8
0.9,1,roc_auc,binary,0.9003926159718837,Preprocessor1_Model65,Fold_8
1,1,accuracy,binary,0.8224907063197026,Preprocessor1_Model66,Fold_8
1,1,roc_auc,binary,0.9060795831207665,Preprocessor1_Model66,Fold_8
0,0.2,accuracy,binary,0.7946096654275093,Preprocessor1_Model12,Fold_9
0,0.2,roc_auc,binary,0.90231843449071,Preprocessor1_Model12,Fold_9
0.1,0.2,accuracy,binary,0.7934479553903345,Preprocessor1_Model13,Fold_9
0.1,0.2,roc_auc,binary,0.9028601427809761,Preprocessor1_Model13,Fold_9
0.2,0.2,accuracy,binary,0.7920539033457249,Preprocessor1_Model14,Fold_9
0.2,0.2,roc_auc,binary,0.9039130033087153,Preprocessor1_Model14,Fold_9
0.30000000000000004,0.2,accuracy,binary,0.7929832713754646,Preprocessor1_Model15,Fold_9
0.30000000000000004,0.2,roc_auc,binary,0.9055204441647082,Preprocessor1_Model15,Fold_9
0.4,0.2,accuracy,binary,0.7978624535315985,Preprocessor1_Model16,Fold_9
0.4,0.2,roc_auc,binary,0.9077394872742461,Preprocessor1_Model16,Fold_9
0.5,0.2,accuracy,binary,0.8022769516728625,Preprocessor1_Model17,Fold_9
0.5,0.2,roc_auc,binary,0.910620898992757,Preprocessor1_Model17,Fold_9
0.6000000000000001,0.2,accuracy,binary,0.808317843866171,Preprocessor1_Model18,Fold_9
0.6000000000000001,0.2,roc_auc,binary,0.9143001364676625,Preprocessor1_Model18,Fold_9
0.7000000000000001,0.2,accuracy,binary,0.8171468401486989,Preprocessor1_Model19,Fold_9
0.7000000000000001,0.2,roc_auc,binary,0.9190211669236262,Preprocessor1_Model19,Fold_9
0.8,0.2,accuracy,binary,0.8343401486988847,Preprocessor1_Model20,Fold_9
0.8,0.2,roc_auc,binary,0.9251273249065995,Preprocessor1_Model20,Fold_9
0.9,0.2,accuracy,binary,0.8496747211895911,Preprocessor1_Model21,Fold_9
0.9,0.2,roc_auc,binary,0.9332891593861458,Preprocessor1_Model21,Fold_9
1,0.2,accuracy,binary,0.8659386617100372,Preprocessor1_Model22,Fold_9
1,0.2,roc_auc,binary,0.9435172567112641,Preprocessor1_Model22,Fold_9
0,0.4,accuracy,binary,0.7871747211895911,Preprocessor1_Model23,Fold_9
0,0.4,roc_auc,binary,0.9019966335410182,Preprocessor1_Model23,Fold_9
0.1,0.4,accuracy,binary,0.7881040892193308,Preprocessor1_Model24,Fold_9
0.1,0.4,roc_auc,binary,0.9033398968697128,Preprocessor1_Model24,Fold_9
0.2,0.4,accuracy,binary,0.7888011152416357,Preprocessor1_Model25,Fold_9
0.2,0.4,roc_auc,binary,0.9049194282601624,Preprocessor1_Model25,Fold_9
0.30000000000000004,0.4,accuracy,binary,0.7913568773234201,Preprocessor1_Model26,Fold_9
0.30000000000000004,0.4,roc_auc,binary,0.9068406100046772,Preprocessor1_Model26,Fold_9
0.4,0.4,accuracy,binary,0.7946096654275093,Preprocessor1_Model27,Fold_9
0.4,0.4,roc_auc,binary,0.9091688849879797,Preprocessor1_Model27,Fold_9
0.5,0.4,accuracy,binary,0.8029739776951673,Preprocessor1_Model28,Fold_9
0.5,0.4,roc_auc,binary,0.9119600721411565,Preprocessor1_Model28,Fold_9
0.6000000000000001,0.4,accuracy,binary,0.8080855018587361,Preprocessor1_Model29,Fold_9
0.6000000000000001,0.4,roc_auc,binary,0.9153926958041487,Preprocessor1_Model29,Fold_9
0.7000000000000001,0.4,accuracy,binary,0.8169144981412639,Preprocessor1_Model30,Fold_9
0.7000000000000001,0.4,roc_auc,binary,0.9196457615145793,Preprocessor1_Model30,Fold_9
0.8,0.4,accuracy,binary,0.8315520446096655,Preprocessor1_Model31,Fold_9
0.8,0.4,roc_auc,binary,0.9249139137347292,Preprocessor1_Model31,Fold_9
0.9,0.4,accuracy,binary,0.8466542750929368,Preprocessor1_Model32,Fold_9
0.9,0.4,roc_auc,binary,0.9314430444799889,Preprocessor1_Model32,Fold_9
1,0.4,accuracy,binary,0.8605947955390335,Preprocessor1_Model33,Fold_9
1,0.4,roc_auc,binary,0.9399705891976895,Preprocessor1_Model33,Fold_9
0,0.6000000000000001,accuracy,binary,0.7850836431226765,Preprocessor1_Model34,Fold_9
0,0.6000000000000001,roc_auc,binary,0.901204582156805,Preprocessor1_Model34,Fold_9
0.1,0.6000000000000001,accuracy,binary,0.7855483271375465,Preprocessor1_Model35,Fold_9
0.1,0.6000000000000001,roc_auc,binary,0.9027918127101631,Preprocessor1_Model35,Fold_9
0.2,0.6000000000000001,accuracy,binary,0.7888011152416357,Preprocessor1_Model36,Fold_9
0.2,0.6000000000000001,roc_auc,binary,0.9045414474811226,Preprocessor1_Model36,Fold_9
0.30000000000000004,0.6000000000000001,accuracy,binary,0.7932156133828996,Preprocessor1_Model37,Fold_9
0.30000000000000004,0.6000000000000001,roc_auc,binary,0.9065788384657878,Preprocessor1_Model37,Fold_9
0.4,0.6000000000000001,accuracy,binary,0.7964684014869888,Preprocessor1_Model38,Fold_9
0.4,0.6000000000000001,roc_auc,binary,0.9088719860183202,Preprocessor1_Model38,Fold_9
0.5,0.6000000000000001,accuracy,binary,0.804135687732342,Preprocessor1_Model39,Fold_9
0.5,0.6000000000000001,roc_auc,binary,0.911526031832189,Preprocessor1_Model39,Fold_9
0.6000000000000001,0.6000000000000001,accuracy,binary,0.8106412639405205,Preprocessor1_Model40,Fold_9
0.6000000000000001,0.6000000000000001,roc_auc,binary,0.9146684932930667,Preprocessor1_Model40,Fold_9
0.7000000000000001,0.6000000000000001,accuracy,binary,0.8220260223048327,Preprocessor1_Model41,Fold_9
0.7000000000000001,0.6000000000000001,roc_auc,binary,0.918456240845214,Preprocessor1_Model41,Fold_9
0.8,0.6000000000000001,accuracy,binary,0.8327137546468402,Preprocessor1_Model42,Fold_9
0.8,0.6000000000000001,roc_auc,binary,0.9228976954480624,Preprocessor1_Model42,Fold_9
0.9,0.6000000000000001,accuracy,binary,0.8420074349442379,Preprocessor1_Model43,Fold_9
0.9,0.6000000000000001,roc_auc,binary,0.9280854876553547,Preprocessor1_Model43,Fold_9
1,0.6000000000000001,accuracy,binary,0.8538568773234201,Preprocessor1_Model44,Fold_9
1,0.6000000000000001,roc_auc,binary,0.9352907011435182,Preprocessor1_Model44,Fold_9
0,0.8,accuracy,binary,0.7867100371747212,Preprocessor1_Model45,Fold_9
0,0.8,roc_auc,binary,0.8981891568839178,Preprocessor1_Model45,Fold_9
0.1,0.8,accuracy,binary,0.7899628252788105,Preprocessor1_Model46,Fold_9
0.1,0.8,roc_auc,binary,0.9002121119381296,Preprocessor1_Model46,Fold_9
0.2,0.8,accuracy,binary,0.7941449814126395,Preprocessor1_Model47,Fold_9
0.2,0.8,roc_auc,binary,0.9023560882093095,Preprocessor1_Model47,Fold_9
0.30000000000000004,0.8,accuracy,binary,0.7983271375464684,Preprocessor1_Model48,Fold_9
0.30000000000000004,0.8,roc_auc,binary,0.9046788294192714,Preprocessor1_Model48,Fold_9
0.4,0.8,accuracy,binary,0.8039033457249071,Preprocessor1_Model49,Fold_9
0.4,0.8,roc_auc,binary,0.907187794132083,Preprocessor1_Model49,Fold_9
0.5,0.8,accuracy,binary,0.8092472118959108,Preprocessor1_Model50,Fold_9
0.5,0.8,roc_auc,binary,0.9098827417489034,Preprocessor1_Model50,Fold_9
0.6000000000000001,0.8,accuracy,binary,0.8150557620817844,Preprocessor1_Model51,Fold_9
0.6000000000000001,0.8,roc_auc,binary,0.912828633956773,Preprocessor1_Model51,Fold_9
0.7000000000000001,0.8,accuracy,binary,0.8252788104089219,Preprocessor1_Model52,Fold_9
0.7000000000000001,0.8,roc_auc,binary,0.9159374115799259,Preprocessor1_Model52,Fold_9
0.8,0.8,accuracy,binary,0.8308550185873605,Preprocessor1_Model53,Fold_9
0.8,0.8,roc_auc,binary,0.9193166223002404,Preprocessor1_Model53,Fold_9
0.9,0.8,accuracy,binary,0.837360594795539,Preprocessor1_Model54,Fold_9
0.9,0.8,roc_auc,binary,0.9231955568130855,Preprocessor1_Model54,Fold_9
1,0.8,accuracy,binary,0.8447955390334573,Preprocessor1_Model55,Fold_9
1,0.8,roc_auc,binary,0.9287069544613762,Preprocessor1_Model55,Fold_9
0,1,accuracy,binary,0.7825278810408922,Preprocessor1_Model56,Fold_9
0,1,roc_auc,binary,0.8632859282878345,Preprocessor1_Model56,Fold_9
0.1,1,accuracy,binary,0.7853159851301115,Preprocessor1_Model57,Fold_9
0.1,1,roc_auc,binary,0.8680466502616713,Preprocessor1_Model57,Fold_9
0.2,1,accuracy,binary,0.7904275092936803,Preprocessor1_Model58,Fold_9
0.2,1,roc_auc,binary,0.8728855944115189,Preprocessor1_Model58,Fold_9
0.30000000000000004,1,accuracy,binary,0.7941449814126395,Preprocessor1_Model59,Fold_9
0.30000000000000004,1,roc_auc,binary,0.8778307483103299,Preprocessor1_Model59,Fold_9
0.4,1,accuracy,binary,0.7990241635687733,Preprocessor1_Model60,Fold_9
0.4,1,roc_auc,binary,0.8830824418339718,Preprocessor1_Model60,Fold_9
0.5,1,accuracy,binary,0.8025092936802974,Preprocessor1_Model61,Fold_9
0.5,1,roc_auc,binary,0.8886077388358461,Preprocessor1_Model61,Fold_9
0.6000000000000001,1,accuracy,binary,0.8090148698884758,Preprocessor1_Model62,Fold_9
0.6000000000000001,1,roc_auc,binary,0.8942746545394815,Preprocessor1_Model62,Fold_9
0.7000000000000001,1,accuracy,binary,0.8178438661710037,Preprocessor1_Model63,Fold_9
0.7000000000000001,1,roc_auc,binary,0.9000422447623961,Preprocessor1_Model63,Fold_9
0.8,1,accuracy,binary,0.8229553903345725,Preprocessor1_Model64,Fold_9
0.8,1,roc_auc,binary,0.905580788411544,Preprocessor1_Model64,Fold_9
0.9,1,accuracy,binary,0.8282992565055762,Preprocessor1_Model65,Fold_9
0.9,1,roc_auc,binary,0.9106906223852924,Preprocessor1_Model65,Fold_9
1,1,accuracy,binary,0.8350371747211895,Preprocessor1_Model66,Fold_9
1,1,roc_auc,binary,0.9152886540780165,Preprocessor1_Model66,Fold_9
0,0.2,accuracy,binary,0.7953066914498141,Preprocessor1_Model12,Fold_10
0,0.2,roc_auc,binary,0.8989307931949041,Preprocessor1_Model12,Fold_10
0.1,0.2,accuracy,binary,0.795771375464684,Preprocessor1_Model13,Fold_10
0.1,0.2,roc_auc,binary,0.9000591263893485,Preprocessor1_Model13,Fold_10
0.2,0.2,accuracy,binary,0.7967007434944238,Preprocessor1_Model14,Fold_10
0.2,0.2,roc_auc,binary,0.9013824139139237,Preprocessor1_Model14,Fold_10
0.30000000000000004,0.2,accuracy,binary,0.7985594795539034,Preprocessor1_Model15,Fold_10
0.30000000000000004,0.2,roc_auc,binary,0.9032525597103537,Preprocessor1_Model15,Fold_10
0.4,0.2,accuracy,binary,0.799953531598513,Preprocessor1_Model16,Fold_10
0.4,0.2,roc_auc,binary,0.9055902419558912,Preprocessor1_Model16,Fold_10
0.5,0.2,accuracy,binary,0.8039033457249071,Preprocessor1_Model17,Fold_10
0.5,0.2,roc_auc,binary,0.9085699199968855,Preprocessor1_Model17,Fold_10
0.6000000000000001,0.2,accuracy,binary,0.8078531598513011,Preprocessor1_Model18,Fold_10
0.6000000000000001,0.2,roc_auc,binary,0.9122423257353084,Preprocessor1_Model18,Fold_10
0.7000000000000001,0.2,accuracy,binary,0.8185408921933085,Preprocessor1_Model19,Fold_10
0.7000000000000001,0.2,roc_auc,binary,0.9170361863235552,Preprocessor1_Model19,Fold_10
0.8,0.2,accuracy,binary,0.8308550185873605,Preprocessor1_Model20,Fold_10
0.8,0.2,roc_auc,binary,0.9227765557783272,Preprocessor1_Model20,Fold_10
0.9,0.2,accuracy,binary,0.8461895910780669,Preprocessor1_Model21,Fold_10
0.9,0.2,roc_auc,binary,0.9293831390029782,Preprocessor1_Model21,Fold_10
1,0.2,accuracy,binary,0.8601301115241635,Preprocessor1_Model22,Fold_10
1,0.2,roc_auc,binary,0.9378041480933564,Preprocessor1_Model22,Fold_10
0,0.4,accuracy,binary,0.7894981412639405,Preprocessor1_Model23,Fold_10
0,0.4,roc_auc,binary,0.8986341696681708,Preprocessor1_Model23,Fold_10
0.1,0.4,accuracy,binary,0.79182156133829,Preprocessor1_Model24,Fold_10
0.1,0.4,roc_auc,binary,0.9001934194575304,Preprocessor1_Model24,Fold_10
0.2,0.4,accuracy,binary,0.7943773234200744,Preprocessor1_Model25,Fold_10
0.2,0.4,roc_auc,binary,0.9020050242358083,Preprocessor1_Model25,Fold_10
0.30000000000000004,0.4,accuracy,binary,0.796003717472119,Preprocessor1_Model26,Fold_10
0.30000000000000004,0.4,roc_auc,binary,0.9041421973540062,Preprocessor1_Model26,Fold_10
0.4,0.4,accuracy,binary,0.7967007434944238,Preprocessor1_Model27,Fold_10
0.4,0.4,roc_auc,binary,0.9066336403915868,Preprocessor1_Model27,Fold_10
0.5,0.4,accuracy,binary,0.8015799256505576,Preprocessor1_Model28,Fold_10
0.5,0.4,roc_auc,binary,0.9095390672278555,Preprocessor1_Model28,Fold_10
0.6000000000000001,0.4,accuracy,binary,0.8078531598513011,Preprocessor1_Model29,Fold_10
0.6000000000000001,0.4,roc_auc,binary,0.9129877565872557,Preprocessor1_Model29,Fold_10
0.7000000000000001,0.4,accuracy,binary,0.8192379182156134,Preprocessor1_Model30,Fold_10
0.7000000000000001,0.4,roc_auc,binary,0.9170565703266531,Preprocessor1_Model30,Fold_10
0.8,0.4,accuracy,binary,0.8308550185873605,Preprocessor1_Model31,Fold_10
0.8,0.4,roc_auc,binary,0.9217602240863655,Preprocessor1_Model31,Fold_10
0.9,0.4,accuracy,binary,0.8445631970260223,Preprocessor1_Model32,Fold_10
0.9,0.4,roc_auc,binary,0.9270031270127591,Preprocessor1_Model32,Fold_10
1,0.4,accuracy,binary,0.854089219330855,Preprocessor1_Model33,Fold_10
1,0.4,roc_auc,binary,0.9341303616009838,Preprocessor1_Model33,Fold_10
0,0.6000000000000001,accuracy,binary,0.7906598513011153,Preprocessor1_Model34,Fold_10
0,0.6000000000000001,roc_auc,binary,0.898297534193797,Preprocessor1_Model34,Fold_10
0.1,0.6000000000000001,accuracy,binary,0.7929832713754646,Preprocessor1_Model35,Fold_10
0.1,0.6000000000000001,roc_auc,binary,0.9001283544362912,Preprocessor1_Model35,Fold_10
0.2,0.6000000000000001,accuracy,binary,0.7943773234200744,Preprocessor1_Model36,Fold_10
0.2,0.6000000000000001,roc_auc,binary,0.9021807606015851,Preprocessor1_Model36,Fold_10
0.30000000000000004,0.6000000000000001,accuracy,binary,0.7971654275092936,Preprocessor1_Model37,Fold_10
0.30000000000000004,0.6000000000000001,roc_auc,binary,0.9043293657048233,Preprocessor1_Model37,Fold_10
0.4,0.6000000000000001,accuracy,binary,0.800185873605948,Preprocessor1_Model38,Fold_10
0.4,0.6000000000000001,roc_auc,binary,0.9067344607702921,Preprocessor1_Model38,Fold_10
0.5,0.6000000000000001,accuracy,binary,0.8066914498141264,Preprocessor1_Model39,Fold_10
0.5,0.6000000000000001,roc_auc,binary,0.9093150489678133,Preprocessor1_Model39,Fold_10
0.6000000000000001,0.6000000000000001,accuracy,binary,0.8143587360594795,Preprocessor1_Model40,Fold_10
0.6000000000000001,0.6000000000000001,roc_auc,binary,0.9122586634987907,Preprocessor1_Model40,Fold_10
0.7000000000000001,0.6000000000000001,accuracy,binary,0.8224907063197026,Preprocessor1_Model41,Fold_10
0.7000000000000001,0.6000000000000001,roc_auc,binary,0.9155875602489935,Preprocessor1_Model41,Fold_10
0.8,0.6000000000000001,accuracy,binary,0.8310873605947955,Preprocessor1_Model42,Fold_10
0.8,0.6000000000000001,roc_auc,binary,0.9193671690902475,Preprocessor1_Model42,Fold_10
0.9,0.6000000000000001,accuracy,binary,0.8422397769516728,Preprocessor1_Model43,Fold_10
0.9,0.6000000000000001,roc_auc,binary,0.9235355870397288,Preprocessor1_Model43,Fold_10
1,0.6000000000000001,accuracy,binary,0.8503717472118959,Preprocessor1_Model44,Fold_10
1,0.6000000000000001,roc_auc,binary,0.9292909834231352,Preprocessor1_Model44,Fold_10
0,0.8,accuracy,binary,0.7946096654275093,Preprocessor1_Model45,Fold_10
0,0.8,roc_auc,binary,0.896896021474619,Preprocessor1_Model45,Fold_10
0.1,0.8,accuracy,binary,0.796003717472119,Preprocessor1_Model46,Fold_10
0.1,0.8,roc_auc,binary,0.8986845190490923,Preprocessor1_Model46,Fold_10
0.2,0.8,accuracy,binary,0.7992565055762082,Preprocessor1_Model47,Fold_10
0.2,0.8,roc_auc,binary,0.90060120079625,Preprocessor1_Model47,Fold_10
0.30000000000000004,0.8,accuracy,binary,0.8032063197026023,Preprocessor1_Model48,Fold_10
0.30000000000000004,0.8,roc_auc,binary,0.902646309949816,Preprocessor1_Model48,Fold_10
0.4,0.8,accuracy,binary,0.8080855018587361,Preprocessor1_Model49,Fold_10
0.4,0.8,roc_auc,binary,0.9047128236711168,Preprocessor1_Model49,Fold_10
0.5,0.8,accuracy,binary,0.8141263940520446,Preprocessor1_Model50,Fold_10
0.5,0.8,roc_auc,binary,0.9069133591744842,Preprocessor1_Model50,Fold_10
0.6000000000000001,0.8,accuracy,binary,0.8176115241635687,Preprocessor1_Model51,Fold_10
0.6000000000000001,0.8,roc_auc,binary,0.9096755591458549,Preprocessor1_Model51,Fold_10
0.7000000000000001,0.8,accuracy,binary,0.825046468401487,Preprocessor1_Model52,Fold_10
0.7000000000000001,0.8,roc_auc,binary,0.9122990189399101,Preprocessor1_Model52,Fold_10
0.8,0.8,accuracy,binary,0.8327137546468402,Preprocessor1_Model53,Fold_10
0.8,0.8,roc_auc,binary,0.915084113105282,Preprocessor1_Model53,Fold_10
0.9,0.8,accuracy,binary,0.8371282527881041,Preprocessor1_Model54,Fold_10
0.9,0.8,roc_auc,binary,0.9183475895855095,Preprocessor1_Model54,Fold_10
1,0.8,accuracy,binary,0.8443308550185874,Preprocessor1_Model55,Fold_10
1,0.8,roc_auc,binary,0.922687041785063,Preprocessor1_Model55,Fold_10
0,1,accuracy,binary,0.7778810408921933,Preprocessor1_Model56,Fold_10
0,1,roc_auc,binary,0.85821349382325,Preprocessor1_Model56,Fold_10
0.1,1,accuracy,binary,0.7825278810408922,Preprocessor1_Model57,Fold_10
0.1,1,roc_auc,binary,0.8626076811103011,Preprocessor1_Model57,Fold_10
0.2,1,accuracy,binary,0.7855483271375465,Preprocessor1_Model58,Fold_10
0.2,1,roc_auc,binary,0.8671763105214777,Preprocessor1_Model58,Fold_10
0.30000000000000004,1,accuracy,binary,0.7925185873605948,Preprocessor1_Model59,Fold_10
0.30000000000000004,1,roc_auc,binary,0.8720159561887532,Preprocessor1_Model59,Fold_10
0.4,1,accuracy,binary,0.7978624535315985,Preprocessor1_Model60,Fold_10
0.4,1,roc_auc,binary,0.8768647951771339,Preprocessor1_Model60,Fold_10
0.5,1,accuracy,binary,0.8057620817843866,Preprocessor1_Model61,Fold_10
0.5,1,roc_auc,binary,0.8821259482992267,Preprocessor1_Model61,Fold_10
0.6000000000000001,1,accuracy,binary,0.8113382899628253,Preprocessor1_Model62,Fold_10
0.6000000000000001,1,roc_auc,binary,0.8876439693418858,Preprocessor1_Model62,Fold_10
0.7000000000000001,1,accuracy,binary,0.8185408921933085,Preprocessor1_Model63,Fold_10
0.7000000000000001,1,roc_auc,binary,0.893287005950448,Preprocessor1_Model63,Fold_10
0.8,1,accuracy,binary,0.8252788104089219,Preprocessor1_Model64,Fold_10
0.8,1,roc_auc,binary,0.8986975917411592,Preprocessor1_Model64,Fold_10
0.9,1,accuracy,binary,0.8287639405204461,Preprocessor1_Model65,Fold_10
0.9,1,roc_auc,binary,0.9037492461219536,Preprocessor1_Model65,Fold_10
1,1,accuracy,binary,0.833410780669145,Preprocessor1_Model66,Fold_10
1,1,roc_auc,binary,0.9086441427033151,Preprocessor1_Model66,Fold_10
